Timestamp,AMZN,RSI,AMZN_rsi_entry_exit,AMZN_rsi_balance,AMZN_position,AMZN_entry_exit_position,AMZN_portfolio_holdings,AMZN_portfolio_cash,AMZN_portfolio_total,AMZN_portfolio_daily_returns,AMZN_portfolio_cumulative_returns
2017-10-12,1001.07,89.79869766425777,0,0,0,0.0,0.0,1100000.0,1100000.0,0.0,0.0
2017-10-13,1003.44,90.3582202305466,0,0,0,0.0,0.0,1100000.0,1100000.0,0.0,0.0
2017-10-16,1006.34,91.02732061593842,0,0,0,0.0,0.0,1100000.0,1100000.0,0.0,0.0
2017-10-17,1008.99,91.6179177780866,0,0,0,0.0,0.0,1100000.0,1100000.0,0.0,0.0
2017-10-18,996.99,68.82467019736208,0,0,0,0.0,0.0,1100000.0,1100000.0,0.0,0.0
2017-10-19,986.6,55.533267650519825,0,0,0,0.0,0.0,1100000.0,1100000.0,0.0,0.0
2017-10-20,982.91,51.60091562134531,0,0,0,0.0,0.0,1100000.0,1100000.0,0.0,0.0
2017-10-23,966.34,38.12948467236211,0,0,0,0.0,0.0,1100000.0,1100000.0,0.0,0.0
2017-10-24,976.0,47.07894634348801,0,0,0,0.0,0.0,1100000.0,1100000.0,0.0,0.0
2017-10-25,972.91,44.77694041499934,0,0,0,0.0,0.0,1100000.0,1100000.0,0.0,0.0
2017-10-26,972.54,44.48752697005641,0,0,0,0.0,0.0,1100000.0,1100000.0,0.0,0.0
2017-10-27,1100.99,84.10834115936532,0,0,0,0.0,0.0,1100000.0,1100000.0,0.0,0.0
2017-10-30,1110.85,85.02022279922856,0,0,0,0.0,0.0,1100000.0,1100000.0,0.0,0.0
2017-10-31,1105.67,82.2647670186262,0,0,0,0.0,0.0,1100000.0,1100000.0,0.0,0.0
2017-11-01,1103.5,81.04220771436071,0,0,0,0.0,0.0,1100000.0,1100000.0,0.0,0.0
2017-11-02,1094.0,75.57863803082151,0,0,0,0.0,0.0,1100000.0,1100000.0,0.0,0.0
2017-11-03,1111.55,78.54728462747731,0,0,0,0.0,0.0,1100000.0,1100000.0,0.0,0.0
2017-11-06,1120.46,79.92393983398884,0,0,0,0.0,0.0,1100000.0,1100000.0,0.0,0.0
2017-11-07,1123.14,80.3454619182474,0,0,0,0.0,0.0,1100000.0,1100000.0,0.0,0.0
2017-11-08,1132.86,81.87873436870652,0,0,0,0.0,0.0,1100000.0,1100000.0,0.0,0.0
2017-11-09,1129.0,79.15409875133014,0,0,0,0.0,0.0,1100000.0,1100000.0,0.0,0.0
2017-11-10,1125.34,76.47309604127517,0,0,0,0.0,0.0,1100000.0,1100000.0,0.0,0.0
2017-11-13,1129.21,77.37348245167038,0,0,0,0.0,0.0,1100000.0,1100000.0,0.0,0.0
2017-11-14,1136.84,79.12368776942533,0,0,0,0.0,0.0,1100000.0,1100000.0,0.0,0.0
2017-11-15,1127.09,71.29371752464772,0,0,0,0.0,0.0,1100000.0,1100000.0,0.0,0.0
2017-11-16,1136.95,74.16628503682402,0,0,0,0.0,0.0,1100000.0,1100000.0,0.0,0.0
2017-11-17,1129.87,68.68281809165566,0,0,0,0.0,0.0,1100000.0,1100000.0,0.0,0.0
2017-11-20,1126.56,66.14253697782075,0,0,0,0.0,0.0,1100000.0,1100000.0,0.0,0.0
2017-11-21,1139.58,70.85397504530891,0,0,0,0.0,0.0,1100000.0,1100000.0,0.0,0.0
2017-11-22,1156.16,75.64859446061391,0,0,0,0.0,0.0,1100000.0,1100000.0,0.0,0.0
2017-11-24,1186.41,81.73848992485856,0,0,0,0.0,0.0,1100000.0,1100000.0,0.0,0.0
2017-11-27,1195.62,83.16292963759125,0,0,0,0.0,0.0,1100000.0,1100000.0,0.0,0.0
2017-11-28,1193.6,81.61158451156868,0,0,0,0.0,0.0,1100000.0,1100000.0,0.0,0.0
2017-11-29,1161.21,61.25386200061366,0,0,0,0.0,0.0,1100000.0,1100000.0,0.0,0.0
2017-11-30,1176.59,65.76008735205482,0,0,0,0.0,0.0,1100000.0,1100000.0,0.0,0.0
2017-12-01,1161.83,58.50466802524626,0,0,0,0.0,0.0,1100000.0,1100000.0,0.0,0.0
2017-12-04,1133.95,47.50451087938843,0,0,0,0.0,0.0,1100000.0,1100000.0,0.0,0.0
2017-12-05,1141.58,50.34356187448449,0,0,0,0.0,0.0,1100000.0,1100000.0,0.0,0.0
2017-12-06,1152.94,54.42134389435237,0,0,0,0.0,0.0,1100000.0,1100000.0,0.0,0.0
2017-12-07,1160.0,56.8672482392972,0,0,0,0.0,0.0,1100000.0,1100000.0,0.0,0.0
2017-12-08,1161.99,57.580187551304796,0,0,0,0.0,0.0,1100000.0,1100000.0,0.0,0.0
2017-12-11,1169.15,60.20950018202723,0,0,0,0.0,0.0,1100000.0,1100000.0,0.0,0.0
2017-12-12,1165.56,58.199788276697234,0,0,0,0.0,0.0,1100000.0,1100000.0,0.0,0.0
2017-12-13,1164.48,57.55760601874453,0,0,0,0.0,0.0,1100000.0,1100000.0,0.0,0.0
2017-12-14,1175.06,62.10851291547184,0,0,0,0.0,0.0,1100000.0,1100000.0,0.0,0.0
2017-12-15,1178.98,63.71042207691979,0,0,0,0.0,0.0,1100000.0,1100000.0,0.0,0.0
2017-12-18,1190.8,68.21275880526203,0,0,0,0.0,0.0,1100000.0,1100000.0,0.0,0.0
2017-12-19,1187.43,65.63317647191678,0,0,0,0.0,0.0,1100000.0,1100000.0,0.0,0.0
2017-12-20,1177.29,58.266550319798085,0,0,0,0.0,0.0,1100000.0,1100000.0,0.0,0.0
2017-12-21,1174.87,56.582472976139705,0,0,0,0.0,0.0,1100000.0,1100000.0,0.0,0.0
2017-12-22,1168.33,52.06391918338929,0,0,0,0.0,0.0,1100000.0,1100000.0,0.0,0.0
2017-12-26,1176.94,57.07788676684514,0,0,0,0.0,0.0,1100000.0,1100000.0,0.0,0.0
2017-12-27,1181.81,59.72537365620868,0,0,0,0.0,0.0,1100000.0,1100000.0,0.0,0.0
2017-12-28,1185.99,61.9628843046832,0,0,0,0.0,0.0,1100000.0,1100000.0,0.0,0.0
2017-12-29,1169.54,49.852281947326084,0,0,0,0.0,0.0,1100000.0,1100000.0,0.0,0.0
2018-01-02,1189.0,60.102145528064504,0,0,0,0.0,0.0,1100000.0,1100000.0,0.0,0.0
2018-01-03,1202.74,65.6156651516857,0,0,0,0.0,0.0,1100000.0,1100000.0,0.0,0.0
2018-01-04,1209.64,68.07716958403614,0,0,0,0.0,0.0,1100000.0,1100000.0,0.0,0.0
2018-01-05,1229.07,73.91896141091041,0,0,0,0.0,0.0,1100000.0,1100000.0,0.0,0.0
2018-01-08,1246.95,78.02980379652179,0,0,0,0.0,0.0,1100000.0,1100000.0,0.0,0.0
2018-01-09,1253.12,79.2818818128004,0,0,0,0.0,0.0,1100000.0,1100000.0,0.0,0.0
2018-01-10,1254.29,79.52770462473643,0,0,0,0.0,0.0,1100000.0,1100000.0,0.0,0.0
2018-01-11,1276.77,83.6653224756331,0,0,0,0.0,0.0,1100000.0,1100000.0,0.0,0.0
2018-01-12,1305.2,87.27831147651179,0,0,0,0.0,0.0,1100000.0,1100000.0,0.0,0.0
2018-01-16,1305.16,87.24814303406143,0,0,0,0.0,0.0,1100000.0,1100000.0,0.0,0.0
2018-01-17,1295.0,79.49337687280092,0,0,0,0.0,0.0,1100000.0,1100000.0,0.0,0.0
2018-01-18,1293.22,78.14137483203254,0,0,0,0.0,0.0,1100000.0,1100000.0,0.0,0.0
2018-01-19,1294.58,78.45248908445666,0,0,0,0.0,0.0,1100000.0,1100000.0,0.0,0.0
2018-01-22,1327.45,84.41095898761421,0,0,0,0.0,0.0,1100000.0,1100000.0,0.0,0.0
2018-01-23,1363.05,88.30328583750064,0,0,0,0.0,0.0,1100000.0,1100000.0,0.0,0.0
2018-01-24,1357.51,84.64878642843803,0,0,0,0.0,0.0,1100000.0,1100000.0,0.0,0.0
2018-01-25,1377.31,86.81561187493573,0,0,0,0.0,0.0,1100000.0,1100000.0,0.0,0.0
2018-01-26,1401.19,88.91276884525905,0,0,0,0.0,0.0,1100000.0,1100000.0,0.0,0.0
2018-01-29,1417.68,90.11871572035133,0,0,0,0.0,0.0,1100000.0,1100000.0,0.0,0.0
2018-01-30,1438.19,91.40994538439362,0,0,0,0.0,0.0,1100000.0,1100000.0,0.0,0.0
2018-01-31,1451.39,92.14404477223057,0,0,0,0.0,0.0,1100000.0,1100000.0,0.0,0.0
2018-02-01,1388.71,63.508595907124274,0,0,0,0.0,0.0,1100000.0,1100000.0,0.0,0.0
2018-02-02,1429.87,70.25350869294485,0,0,0,0.0,0.0,1100000.0,1100000.0,0.0,0.0
2018-02-05,1390.0,58.596529546664385,0,0,0,0.0,0.0,1100000.0,1100000.0,0.0,0.0
2018-02-06,1442.84,66.72652381644737,0,0,0,0.0,0.0,1100000.0,1100000.0,0.0,0.0
2018-02-07,1415.15,59.880243328282205,0,0,0,0.0,0.0,1100000.0,1100000.0,0.0,0.0
2018-02-08,1350.51,47.293954370417445,0,0,0,0.0,0.0,1100000.0,1100000.0,0.0,0.0
2018-02-09,1339.34,45.45933272065551,0,0,0,0.0,0.0,1100000.0,1100000.0,0.0,0.0
2018-02-12,1386.97,53.927139868531405,0,0,0,0.0,0.0,1100000.0,1100000.0,0.0,0.0
2018-02-13,1413.66,57.988267050995574,0,0,0,0.0,0.0,1100000.0,1100000.0,0.0,0.0
2018-02-14,1451.08,63.06056098735194,0,0,0,0.0,0.0,1100000.0,1100000.0,0.0,0.0
2018-02-15,1461.76,64.42273120777017,0,0,0,0.0,0.0,1100000.0,1100000.0,0.0,0.0
2018-02-16,1448.59,61.32427392129885,0,0,0,0.0,0.0,1100000.0,1100000.0,0.0,0.0
2018-02-20,1468.36,64.19644874432066,0,0,0,0.0,0.0,1100000.0,1100000.0,0.0,0.0
2018-02-21,1482.92,66.24756243779468,0,0,0,0.0,0.0,1100000.0,1100000.0,0.0,0.0
2018-02-22,1484.59,66.49219943502874,0,0,0,0.0,0.0,1100000.0,1100000.0,0.0,0.0
2018-02-23,1500.0,68.80999981798244,0,0,0,0.0,0.0,1100000.0,1100000.0,0.0,0.0
2018-02-26,1521.95,71.88763327372928,0,0,0,0.0,0.0,1100000.0,1100000.0,0.0,0.0
2018-02-27,1512.0,68.48404538042682,0,0,0,0.0,0.0,1100000.0,1100000.0,0.0,0.0
2018-02-28,1512.45,68.55884995049837,0,0,0,0.0,0.0,1100000.0,1100000.0,0.0,0.0
2018-03-01,1492.0,61.22148963466042,0,0,0,0.0,0.0,1100000.0,1100000.0,0.0,0.0
2018-03-02,1500.21,62.98842717958768,0,0,0,0.0,0.0,1100000.0,1100000.0,0.0,0.0
2018-03-05,1523.61,67.65565150578198,0,0,0,0.0,0.0,1100000.0,1100000.0,0.0,0.0
2018-03-06,1537.18,70.08625129642869,0,0,0,0.0,0.0,1100000.0,1100000.0,0.0,0.0
2018-03-07,1544.9,71.44277084966855,0,0,0,0.0,0.0,1100000.0,1100000.0,0.0,0.0
2018-03-08,1551.67,72.65120308692522,0,0,0,0.0,0.0,1100000.0,1100000.0,0.0,0.0
2018-03-09,1578.94,77.0060574668561,0,0,0,0.0,0.0,1100000.0,1100000.0,0.0,0.0
2018-03-12,1598.5,79.59548039205339,0,0,0,0.0,0.0,1100000.0,1100000.0,0.0,0.0
2018-03-13,1588.13,74.64382054142175,0,0,0,0.0,0.0,1100000.0,1100000.0,0.0,0.0
2018-03-14,1591.0,75.11978782945366,0,0,0,0.0,0.0,1100000.0,1100000.0,0.0,0.0
2018-03-15,1582.75,70.87075680744204,0,0,0,0.0,0.0,1100000.0,1100000.0,0.0,0.0
2018-03-16,1571.69,65.36356796244539,0,0,0,0.0,0.0,1100000.0,1100000.0,0.0,0.0
2018-03-19,1545.58,54.29625884010099,0,0,0,0.0,0.0,1100000.0,1100000.0,0.0,0.0
2018-03-20,1586.52,64.70721610214892,0,0,0,0.0,0.0,1100000.0,1100000.0,0.0,0.0
2018-03-21,1582.93,63.30226166642915,0,0,0,0.0,0.0,1100000.0,1100000.0,0.0,0.0
2018-03-22,1544.92,50.42280747534215,0,0,0,0.0,0.0,1100000.0,1100000.0,0.0,0.0
2018-03-23,1495.55,38.9777547276328,0,0,0,0.0,0.0,1100000.0,1100000.0,0.0,0.0
2018-03-26,1555.87,53.351859555882854,0,0,0,0.0,0.0,1100000.0,1100000.0,0.0,0.0
2018-03-27,1497.12,42.514296242444956,0,0,0,0.0,0.0,1100000.0,1100000.0,0.0,0.0
2018-03-28,1429.19,33.71550538789407,0,0,0,0.0,0.0,1100000.0,1100000.0,0.0,0.0
2018-03-29,1445.96,37.2763130634199,0,0,0,0.0,0.0,1100000.0,1100000.0,0.0,0.0
2018-04-02,1371.92,29.501761421177918,1,1,500,500.0,685960.0,414040.0,1100000.0,0.0,0.0
2018-04-03,1392.05,33.68025831403256,0,1,0,-500.0,0.0,1110065.0,1110065.0,0.009149999999999991,0.009149999999999991
2018-04-04,1410.58,37.47090325836496,0,1,0,0.0,0.0,1110065.0,1110065.0,0.0,0.009149999999999991
2018-04-05,1451.75,45.20288646735213,0,1,0,0.0,0.0,1110065.0,1110065.0,0.0,0.009149999999999991
2018-04-06,1405.21,39.12604750650278,0,1,0,0.0,0.0,1110065.0,1110065.0,0.0,0.009149999999999991
2018-04-09,1405.91,39.2625050620017,0,1,0,0.0,0.0,1110065.0,1110065.0,0.0,0.009149999999999991
2018-04-10,1436.26,45.18228005511081,0,1,0,0.0,0.0,1110065.0,1110065.0,0.0,0.009149999999999991
2018-04-11,1427.29,43.78099906657891,0,1,0,0.0,0.0,1110065.0,1110065.0,0.0,0.009149999999999991
2018-04-12,1448.48,48.013018856349476,0,1,0,0.0,0.0,1110065.0,1110065.0,0.0,0.009149999999999991
2018-04-13,1431.11,44.93231658445625,0,1,0,0.0,0.0,1110065.0,1110065.0,0.0,0.009149999999999991
2018-04-16,1440.63,47.003105160121876,0,1,0,0.0,0.0,1110065.0,1110065.0,0.0,0.009149999999999991
2018-04-17,1503.63,58.48275356663137,0,1,0,0.0,0.0,1110065.0,1110065.0,0.0,0.009149999999999991
2018-04-18,1527.85,61.99888856614528,-1,0,-500,-500.0,-763925.0,1873990.0,1110065.0,0.0,0.009149999999999991
2018-04-19,1556.73,65.83267978086364,0,0,0,500.0,0.0,1095625.0,1095625.0,-0.013008247264799766,-0.003977272727272663
2018-04-20,1527.5,59.12472106687333,0,0,0,0.0,0.0,1095625.0,1095625.0,0.0,-0.003977272727272663
2018-04-23,1517.85,56.994438018831154,0,0,0,0.0,0.0,1095625.0,1095625.0,0.0,-0.003977272727272663
2018-04-24,1460.61,46.05744670700998,0,0,0,0.0,0.0,1095625.0,1095625.0,0.0,-0.003977272727272663
2018-04-25,1461.74,46.28355109713588,0,0,0,0.0,0.0,1095625.0,1095625.0,0.0,-0.003977272727272663
2018-04-26,1519.28,56.58055098874873,0,0,0,0.0,0.0,1095625.0,1095625.0,0.0,-0.003977272727272663
2018-04-27,1572.76,63.75557914750638,0,0,0,0.0,0.0,1095625.0,1095625.0,0.0,-0.003977272727272663
2018-04-30,1566.13,62.336644660244325,0,0,0,0.0,0.0,1095625.0,1095625.0,0.0,-0.003977272727272663
2018-05-01,1582.26,64.47396314014735,0,0,0,0.0,0.0,1095625.0,1095625.0,0.0,-0.003977272727272663
2018-05-02,1570.53,61.64722922159907,0,0,0,0.0,0.0,1095625.0,1095625.0,0.0,-0.003977272727272663
2018-05-03,1570.8,61.69018621203689,0,0,0,0.0,0.0,1095625.0,1095625.0,0.0,-0.003977272727272663
2018-05-04,1580.99,63.40881275031022,0,0,0,0.0,0.0,1095625.0,1095625.0,0.0,-0.003977272727272663
2018-05-07,1599.86,66.50095265865829,0,0,0,0.0,0.0,1095625.0,1095625.0,0.0,-0.003977272727272663
2018-05-08,1592.39,64.11771758615694,0,0,0,0.0,0.0,1095625.0,1095625.0,0.0,-0.003977272727272663
2018-05-09,1606.87,66.68890302557422,0,0,0,0.0,0.0,1095625.0,1095625.0,0.0,-0.003977272727272663
2018-05-10,1609.42,67.14950350629611,0,0,0,0.0,0.0,1095625.0,1095625.0,0.0,-0.003977272727272663
2018-05-11,1603.32,64.76910064331948,0,0,0,0.0,0.0,1095625.0,1095625.0,0.0,-0.003977272727272663
2018-05-14,1602.0,64.221717823107,0,0,0,0.0,0.0,1095625.0,1095625.0,0.0,-0.003977272727272663
2018-05-15,1576.5,54.36050141040837,0,0,0,0.0,0.0,1095625.0,1095625.0,0.0,-0.003977272727272663
2018-05-16,1587.75,57.555288976539764,0,0,0,0.0,0.0,1095625.0,1095625.0,0.0,-0.003977272727272663
2018-05-17,1581.37,55.123834257442915,0,0,0,0.0,0.0,1095625.0,1095625.0,0.0,-0.003977272727272663
2018-05-18,1574.5,52.47167601684634,0,0,0,0.0,0.0,1095625.0,1095625.0,0.0,-0.003977272727272663
2018-05-21,1585.66,56.26929541587127,0,0,0,0.0,0.0,1095625.0,1095625.0,0.0,-0.003977272727272663
2018-05-22,1581.39,54.42069028322153,0,0,0,0.0,0.0,1095625.0,1095625.0,0.0,-0.003977272727272663
2018-05-23,1601.86,61.20885982130752,0,0,0,0.0,0.0,1095625.0,1095625.0,0.0,-0.003977272727272663
2018-05-24,1603.48,61.71030277332586,0,0,0,0.0,0.0,1095625.0,1095625.0,0.0,-0.003977272727272663
2018-05-25,1609.62,63.68709414794235,0,0,0,0.0,0.0,1095625.0,1095625.0,0.0,-0.003977272727272663
2018-05-29,1612.88,64.7603834457902,0,0,0,0.0,0.0,1095625.0,1095625.0,0.0,-0.003977272727272663
2018-05-30,1625.87,68.83819741012258,0,0,0,0.0,0.0,1095625.0,1095625.0,0.0,-0.003977272727272663
2018-05-31,1630.14,70.10181949777986,0,0,0,0.0,0.0,1095625.0,1095625.0,0.0,-0.003977272727272663
2018-06-01,1642.91,73.65208911128722,0,0,0,0.0,0.0,1095625.0,1095625.0,0.0,-0.003977272727272663
2018-06-04,1665.4,78.6200605976574,0,0,0,0.0,0.0,1095625.0,1095625.0,0.0,-0.003977272727272663
2018-06-05,1696.48,83.42026335205458,0,0,0,0.0,0.0,1095625.0,1095625.0,0.0,-0.003977272727272663
2018-06-06,1697.78,83.59147858177683,0,0,0,0.0,0.0,1095625.0,1095625.0,0.0,-0.003977272727272663
2018-06-07,1689.27,77.75142513881052,0,0,0,0.0,0.0,1095625.0,1095625.0,0.0,-0.003977272727272663
2018-06-08,1682.52,73.24175027253219,0,0,0,0.0,0.0,1095625.0,1095625.0,0.0,-0.003977272727272663
2018-06-11,1689.62,74.94047048013664,0,0,0,0.0,0.0,1095625.0,1095625.0,0.0,-0.003977272727272663
2018-06-12,1698.73,77.02029247283403,0,0,0,0.0,0.0,1095625.0,1095625.0,0.0,-0.003977272727272663
2018-06-13,1704.81,78.35259192742123,0,0,0,0.0,0.0,1095625.0,1095625.0,0.0,-0.003977272727272663
2018-06-14,1723.75,81.970620688209,0,0,0,0.0,0.0,1095625.0,1095625.0,0.0,-0.003977272727272663
2018-06-15,1716.26,76.36264157155485,0,0,0,0.0,0.0,1095625.0,1095625.0,0.0,-0.003977272727272663
2018-06-18,1724.83,78.25404088097352,0,0,0,0.0,0.0,1095625.0,1095625.0,0.0,-0.003977272727272663
2018-06-19,1736.01,80.5141159824284,0,0,0,0.0,0.0,1095625.0,1095625.0,0.0,-0.003977272727272663
2018-06-20,1750.07,82.9851237274998,0,0,0,0.0,0.0,1095625.0,1095625.0,0.0,-0.003977272727272663
2018-06-21,1730.2,69.20477808657598,0,0,0,0.0,0.0,1095625.0,1095625.0,0.0,-0.003977272727272663
2018-06-22,1715.06,60.674700096829035,0,0,0,0.0,0.0,1095625.0,1095625.0,0.0,-0.003977272727272663
2018-06-25,1663.17,41.292490515163756,0,0,0,0.0,0.0,1095625.0,1095625.0,0.0,-0.003977272727272663
2018-06-26,1691.19,50.73479301311068,0,0,0,0.0,0.0,1095625.0,1095625.0,0.0,-0.003977272727272663
2018-06-27,1660.0,42.31690920899383,0,0,0,0.0,0.0,1095625.0,1095625.0,0.0,-0.003977272727272663
2018-06-28,1701.5,53.67914533241671,0,0,0,0.0,0.0,1095625.0,1095625.0,0.0,-0.003977272727272663
2018-06-29,1699.67,53.166035838044785,0,0,0,0.0,0.0,1095625.0,1095625.0,0.0,-0.003977272727272663
2018-07-02,1713.75,56.704059190341525,0,0,0,0.0,0.0,1095625.0,1095625.0,0.0,-0.003977272727272663
2018-07-03,1694.88,50.97024953641997,0,0,0,0.0,0.0,1095625.0,1095625.0,0.0,-0.003977272727272663
2018-07-05,1699.56,52.299430551199315,0,0,0,0.0,0.0,1095625.0,1095625.0,0.0,-0.003977272727272663
2018-07-06,1711.01,55.57347039418439,0,0,0,0.0,0.0,1095625.0,1095625.0,0.0,-0.003977272727272663
2018-07-09,1739.03,62.56074388544344,0,0,0,0.0,0.0,1095625.0,1095625.0,0.0,-0.003977272727272663
2018-07-10,1743.35,63.54298820991463,0,0,0,0.0,0.0,1095625.0,1095625.0,0.0,-0.003977272727272663
2018-07-11,1755.53,66.31178656905641,0,0,0,0.0,0.0,1095625.0,1095625.0,0.0,-0.003977272727272663
2018-07-12,1796.6,73.77412782273406,0,0,0,0.0,0.0,1095625.0,1095625.0,0.0,-0.003977272727272663
2018-07-13,1813.2,76.14703312326861,0,0,0,0.0,0.0,1095625.0,1095625.0,0.0,-0.003977272727272663
2018-07-16,1822.49,77.41756717697817,0,0,0,0.0,0.0,1095625.0,1095625.0,0.0,-0.003977272727272663
2018-07-17,1844.0,80.13916304982136,0,0,0,0.0,0.0,1095625.0,1095625.0,0.0,-0.003977272727272663
2018-07-18,1842.47,79.38304574184023,0,0,0,0.0,0.0,1095625.0,1095625.0,0.0,-0.003977272727272663
2018-07-19,1813.68,66.30360326117952,0,0,0,0.0,0.0,1095625.0,1095625.0,0.0,-0.003977272727272663
2018-07-20,1813.68,66.30360326117952,0,0,0,0.0,0.0,1095625.0,1095625.0,0.0,-0.003977272727272663
2018-07-23,1802.0,61.24911221326029,0,0,0,0.0,0.0,1095625.0,1095625.0,0.0,-0.003977272727272663
2018-07-24,1829.28,67.64918041987463,0,0,0,0.0,0.0,1095625.0,1095625.0,0.0,-0.003977272727272663
2018-07-25,1863.8,73.74576069656428,0,0,0,0.0,0.0,1095625.0,1095625.0,0.0,-0.003977272727272663
2018-07-26,1805.22,54.41149315515962,0,0,0,0.0,0.0,1095625.0,1095625.0,0.0,-0.003977272727272663
2018-07-27,1817.99,57.133609012566616,0,0,0,0.0,0.0,1095625.0,1095625.0,0.0,-0.003977272727272663
2018-07-30,1779.28,47.5672065164578,0,0,0,0.0,0.0,1095625.0,1095625.0,0.0,-0.003977272727272663
2018-07-31,1777.41,47.14351006037423,0,0,0,0.0,0.0,1095625.0,1095625.0,0.0,-0.003977272727272663
2018-08-01,1797.05,52.12036915287432,0,0,0,0.0,0.0,1095625.0,1095625.0,0.0,-0.003977272727272663
2018-08-02,1834.21,60.031926087825575,0,0,0,0.0,0.0,1095625.0,1095625.0,0.0,-0.003977272727272663
2018-08-03,1822.93,56.86286378317292,0,0,0,0.0,0.0,1095625.0,1095625.0,0.0,-0.003977272727272663
2018-08-06,1847.68,61.78151032280855,0,0,0,0.0,0.0,1095625.0,1095625.0,0.0,-0.003977272727272663
2018-08-07,1862.7,64.51017624707545,0,0,0,0.0,0.0,1095625.0,1095625.0,0.0,-0.003977272727272663
2018-08-08,1886.52,68.47611413562056,0,0,0,0.0,0.0,1095625.0,1095625.0,0.0,-0.003977272727272663
2018-08-09,1898.13,70.27503231257487,0,0,0,0.0,0.0,1095625.0,1095625.0,0.0,-0.003977272727272663
2018-08-10,1886.0,65.90885373985378,0,0,0,0.0,0.0,1095625.0,1095625.0,0.0,-0.003977272727272663
2018-08-13,1895.65,67.68364318678869,0,0,0,0.0,0.0,1095625.0,1095625.0,0.0,-0.003977272727272663
2018-08-14,1919.86,71.77908937369965,0,0,0,0.0,0.0,1095625.0,1095625.0,0.0,-0.003977272727272663
2018-08-15,1882.37,58.92948840064436,0,0,0,0.0,0.0,1095625.0,1095625.0,0.0,-0.003977272727272663
2018-08-16,1887.47,60.011517273046586,0,0,0,0.0,0.0,1095625.0,1095625.0,0.0,-0.003977272727272663
2018-08-17,1882.22,58.25603567170204,0,0,0,0.0,0.0,1095625.0,1095625.0,0.0,-0.003977272727272663
2018-08-20,1877.24,56.513656727653,0,0,0,0.0,0.0,1095625.0,1095625.0,0.0,-0.003977272727272663
2018-08-21,1883.64,58.294804569767706,0,0,0,0.0,0.0,1095625.0,1095625.0,0.0,-0.003977272727272663
2018-08-22,1905.45,63.894379656370454,0,0,0,0.0,0.0,1095625.0,1095625.0,0.0,-0.003977272727272663
2018-08-23,1902.8,62.75682165031491,0,0,0,0.0,0.0,1095625.0,1095625.0,0.0,-0.003977272727272663
2018-08-24,1905.43,63.47392421270316,0,0,0,0.0,0.0,1095625.0,1095625.0,0.0,-0.003977272727272663
2018-08-27,1927.62,69.05898754825603,0,0,0,0.0,0.0,1095625.0,1095625.0,0.0,-0.003977272727272663
2018-08-28,1933.0,70.28307221928661,0,0,0,0.0,0.0,1095625.0,1095625.0,0.0,-0.003977272727272663
2018-08-29,1998.38,80.6302371784069,0,0,0,0.0,0.0,1095625.0,1095625.0,0.0,-0.003977272727272663
2018-08-30,2002.22,81.06059295877779,0,0,0,0.0,0.0,1095625.0,1095625.0,0.0,-0.003977272727272663
2018-08-31,2013.83,82.37601732108672,0,0,0,0.0,0.0,1095625.0,1095625.0,0.0,-0.003977272727272663
2018-09-04,2039.58,84.9516852662607,0,0,0,0.0,0.0,1095625.0,1095625.0,0.0,-0.003977272727272663
2018-09-05,1995.0,66.31000021228138,0,0,0,0.0,0.0,1095625.0,1095625.0,0.0,-0.003977272727272663
2018-09-06,1958.365,55.241426221512626,0,0,0,0.0,0.0,1095625.0,1095625.0,0.0,-0.003977272727272663
2018-09-07,1952.2,53.56947199056469,0,0,0,0.0,0.0,1095625.0,1095625.0,0.0,-0.003977272727272663
2018-09-10,1941.81,50.69621172480461,0,0,0,0.0,0.0,1095625.0,1095625.0,0.0,-0.003977272727272663
2018-09-11,1987.61,60.95377257174548,0,0,0,0.0,0.0,1095625.0,1095625.0,0.0,-0.003977272727272663
2018-09-12,1990.07,61.43263514846204,0,0,0,0.0,0.0,1095625.0,1095625.0,0.0,-0.003977272727272663
2018-09-13,1990.0,61.40882385313315,0,0,0,0.0,0.0,1095625.0,1095625.0,0.0,-0.003977272727272663
2018-09-14,1970.19,54.73748990151395,0,0,0,0.0,0.0,1095625.0,1095625.0,0.0,-0.003977272727272663
2018-09-17,1908.03,39.70047512300263,0,0,0,0.0,0.0,1095625.0,1095625.0,0.0,-0.003977272727272663
2018-09-18,1941.59,48.2316611976189,0,0,0,0.0,0.0,1095625.0,1095625.0,0.0,-0.003977272727272663
2018-09-19,1926.28,45.004211997385916,0,0,0,0.0,0.0,1095625.0,1095625.0,0.0,-0.003977272727272663
2018-09-20,1944.3,49.42968729290701,0,0,0,0.0,0.0,1095625.0,1095625.0,0.0,-0.003977272727272663
2018-09-21,1915.01,43.1576282634607,0,0,0,0.0,0.0,1095625.0,1095625.0,0.0,-0.003977272727272663
2018-09-24,1934.35,47.99859338840804,0,0,0,0.0,0.0,1095625.0,1095625.0,0.0,-0.003977272727272663
2018-09-25,1974.55,56.54570780406075,0,0,0,0.0,0.0,1095625.0,1095625.0,0.0,-0.003977272727272663
2018-09-26,1974.85,56.604850117873255,0,0,0,0.0,0.0,1095625.0,1095625.0,0.0,-0.003977272727272663
2018-09-27,2012.98,63.60098675036818,0,0,0,0.0,0.0,1095625.0,1095625.0,0.0,-0.003977272727272663
2018-09-28,2002.57,60.63556848503536,0,0,0,0.0,0.0,1095625.0,1095625.0,0.0,-0.003977272727272663
2018-10-01,2004.36,60.983132095434414,0,0,0,0.0,0.0,1095625.0,1095625.0,0.0,-0.003977272727272663
2018-10-02,1970.0,51.31893898382513,0,0,0,0.0,0.0,1095625.0,1095625.0,0.0,-0.003977272727272663
2018-10-03,1952.76,47.15305381142686,0,0,0,0.0,0.0,1095625.0,1095625.0,0.0,-0.003977272727272663
2018-10-04,1910.32,38.585620718043074,0,0,0,0.0,0.0,1095625.0,1095625.0,0.0,-0.003977272727272663
2018-10-05,1889.58,35.12068819300367,0,0,0,0.0,0.0,1095625.0,1095625.0,0.0,-0.003977272727272663
2018-10-08,1864.42,31.328668350439074,0,0,0,0.0,0.0,1095625.0,1095625.0,0.0,-0.003977272727272663
2018-10-09,1870.32,33.20769475132731,0,0,0,0.0,0.0,1095625.0,1095625.0,0.0,-0.003977272727272663
2018-10-10,1755.25,20.846540985200505,1,1,500,500.0,877625.0,218000.0,1095625.0,0.0,-0.003977272727272663
2018-10-11,1719.36,18.464609603914838,0,1,0,-500.0,0.0,1077680.0,1077680.0,-0.016378779235596164,-0.020290909090909026
2018-10-12,1788.61,34.50773751137092,0,1,0,0.0,0.0,1077680.0,1077680.0,0.0,-0.020290909090909026
2018-10-15,1760.95,31.736394009531892,0,1,0,0.0,0.0,1077680.0,1077680.0,0.0,-0.020290909090909026
2018-10-16,1820.15,42.68310284004668,0,1,0,0.0,0.0,1077680.0,1077680.0,0.0,-0.020290909090909026
2018-10-17,1831.73,44.6134825435408,0,1,0,0.0,0.0,1077680.0,1077680.0,0.0,-0.020290909090909026
2018-10-18,1770.72,37.26622266541611,0,1,0,0.0,0.0,1077680.0,1077680.0,0.0,-0.020290909090909026
2018-10-19,1764.03,36.53317986266913,0,1,0,0.0,0.0,1077680.0,1077680.0,0.0,-0.020290909090909026
2018-10-22,1789.005,41.32095623501634,0,1,0,0.0,0.0,1077680.0,1077680.0,0.0,-0.020290909090909026
2018-10-23,1768.25,38.63011629882133,0,1,0,0.0,0.0,1077680.0,1077680.0,0.0,-0.020290909090909026
2018-10-24,1659.63,28.019822095606457,0,1,0,0.0,0.0,1077680.0,1077680.0,0.0,-0.020290909090909026
2018-10-25,1782.0,46.43592308119788,0,1,0,0.0,0.0,1077680.0,1077680.0,0.0,-0.020290909090909026
2018-10-26,1638.28,34.812787370142985,0,1,0,0.0,0.0,1077680.0,1077680.0,0.0,-0.020290909090909026
2018-10-29,1538.6078,29.183853045625227,0,1,0,0.0,0.0,1077680.0,1077680.0,0.0,-0.020290909090909026
2018-10-30,1530.42,28.75941134238512,0,1,0,0.0,0.0,1077680.0,1077680.0,0.0,-0.020290909090909026
2018-10-31,1599.19,37.273113270346826,0,1,0,0.0,0.0,1077680.0,1077680.0,0.0,-0.020290909090909026
2018-11-01,1665.86,44.42702401433829,0,1,0,0.0,0.0,1077680.0,1077680.0,0.0,-0.020290909090909026
2018-11-02,1665.58,44.40339252987775,0,1,0,0.0,0.0,1077680.0,1077680.0,0.0,-0.020290909090909026
2018-11-05,1627.45,41.09583184426978,0,1,0,0.0,0.0,1077680.0,1077680.0,0.0,-0.020290909090909026
2018-11-06,1642.86,43.00235423672996,0,1,0,0.0,0.0,1077680.0,1077680.0,0.0,-0.020290909090909026
2018-11-07,1757.36,55.02122892382874,0,1,0,0.0,0.0,1077680.0,1077680.0,0.0,-0.020290909090909026
2018-11-08,1754.95,54.75122518524552,0,1,0,0.0,0.0,1077680.0,1077680.0,0.0,-0.020290909090909026
2018-11-09,1712.03,49.90520217545851,0,1,0,0.0,0.0,1077680.0,1077680.0,0.0,-0.020290909090909026
2018-11-12,1636.79,42.566689198824974,0,1,0,0.0,0.0,1077680.0,1077680.0,0.0,-0.020290909090909026
2018-11-13,1631.445,42.07828799900011,0,1,0,0.0,0.0,1077680.0,1077680.0,0.0,-0.020290909090909026
2018-11-14,1600.1,39.15123634840239,0,1,0,0.0,0.0,1077680.0,1077680.0,0.0,-0.020290909090909026
2018-11-15,1620.0,41.99741380966339,0,1,0,0.0,0.0,1077680.0,1077680.0,0.0,-0.020290909090909026
2018-11-16,1593.59,39.28760537114659,0,1,0,0.0,0.0,1077680.0,1077680.0,0.0,-0.020290909090909026
2018-11-19,1512.7,32.21394931513505,0,1,0,0.0,0.0,1077680.0,1077680.0,0.0,-0.020290909090909026
2018-11-20,1495.46,30.89660570985066,0,1,0,0.0,0.0,1077680.0,1077680.0,0.0,-0.020290909090909026
2018-11-21,1516.4,34.51088038851482,0,1,0,0.0,0.0,1077680.0,1077680.0,0.0,-0.020290909090909026
2018-11-23,1502.08,33.19178496230599,0,1,0,0.0,0.0,1077680.0,1077680.0,0.0,-0.020290909090909026
2018-11-26,1581.33,45.90584506351227,0,1,0,0.0,0.0,1077680.0,1077680.0,0.0,-0.020290909090909026
2018-11-27,1582.0,46.00237501152221,0,1,0,0.0,0.0,1077680.0,1077680.0,0.0,-0.020290909090909026
2018-11-28,1677.46,57.89653312567048,0,1,0,0.0,0.0,1077680.0,1077680.0,0.0,-0.020290909090909026
2018-11-29,1672.94,57.2332756598657,0,1,0,0.0,0.0,1077680.0,1077680.0,0.0,-0.020290909090909026
2018-11-30,1691.55,59.36296860314873,0,1,0,0.0,0.0,1077680.0,1077680.0,0.0,-0.020290909090909026
2018-12-03,1772.9,67.27751393122637,-1,0,-500,-500.0,-886450.0,1964130.0,1077680.0,0.0,-0.020290909090909026
2018-12-04,1668.64,52.66977198139203,0,0,0,500.0,0.0,1129810.0,1129810.0,0.048372429663722016,0.027100000000000124
2018-12-06,1700.0,55.87193791515223,0,0,0,0.0,0.0,1129810.0,1129810.0,0.0,0.027100000000000124
2018-12-07,1629.11,47.75662490227891,0,0,0,0.0,0.0,1129810.0,1129810.0,0.0,0.027100000000000124
2018-12-10,1641.2,49.156049937336306,0,0,0,0.0,0.0,1129810.0,1129810.0,0.0,0.027100000000000124
2018-12-11,1643.4,49.42993339942488,0,0,0,0.0,0.0,1129810.0,1129810.0,0.0,0.027100000000000124
2018-12-12,1663.13,52.00610291279913,0,0,0,0.0,0.0,1129810.0,1129810.0,0.0,0.027100000000000124
2018-12-13,1659.74,51.50519025055846,0,0,0,0.0,0.0,1129810.0,1129810.0,0.0,0.027100000000000124
2018-12-14,1591.92,42.42241332751594,0,0,0,0.0,0.0,1129810.0,1129810.0,0.0,0.027100000000000124
2018-12-17,1519.75,35.10311122823593,0,0,0,0.0,0.0,1129810.0,1129810.0,0.0,0.027100000000000124
2018-12-18,1551.11,40.09340143531032,0,0,0,0.0,0.0,1129810.0,1129810.0,0.0,0.027100000000000124
2018-12-19,1494.83,34.76305552655556,0,0,0,0.0,0.0,1129810.0,1129810.0,0.0,0.027100000000000124
2018-12-20,1460.83,31.91493253115371,0,0,0,0.0,0.0,1129810.0,1129810.0,0.0,0.027100000000000124
2018-12-21,1376.73,26.049337779433102,1,1,500,500.0,688365.0,441445.0,1129810.0,0.0,0.027100000000000124
2018-12-24,1342.91,24.07248576066317,0,1,0,-500.0,0.0,1112900.0,1112900.0,-0.014967118365034837,0.011727272727272808
2018-12-26,1470.81,42.43045706076613,0,1,0,0.0,0.0,1112900.0,1112900.0,0.0,0.011727272727272808
2018-12-27,1462.0,41.6595484136886,0,1,0,0.0,0.0,1112900.0,1112900.0,0.0,0.011727272727272808
2018-12-28,1475.18,43.36983934587582,0,1,0,0.0,0.0,1112900.0,1112900.0,0.0,0.011727272727272808
2018-12-31,1492.38,45.67892013813827,0,1,0,0.0,0.0,1112900.0,1112900.0,0.0,0.011727272727272808
2019-01-02,1536.73,51.360898160547876,0,1,0,0.0,0.0,1112900.0,1112900.0,0.0,0.011727272727272808
2019-01-03,1502.07,47.08428868987732,0,1,0,0.0,0.0,1112900.0,1112900.0,0.0,0.011727272727272808
2019-01-04,1574.54,55.661319029250954,0,1,0,0.0,0.0,1112900.0,1112900.0,0.0,0.011727272727272808
2019-01-07,1631.12,61.12720148091851,-1,0,-500,-500.0,-815560.0,1928460.0,1112900.0,0.0,0.011727272727272808
2019-01-08,1655.835,63.32173140515798,0,0,0,500.0,0.0,1100542.5,1100542.5,-0.011103872764848588,0.0004931818181819203
2019-01-09,1657.59,63.48437927654724,0,0,0,0.0,0.0,1100542.5,1100542.5,0.0,0.0004931818181819203
2019-01-10,1655.5,63.11404642583571,0,0,0,0.0,0.0,1100542.5,1100542.5,0.0,0.0004931818181819203
2019-01-11,1639.66,60.15881812011233,0,0,0,0.0,0.0,1100542.5,1100542.5,0.0,0.0004931818181819203
2019-01-14,1619.8767,56.488322255523414,0,0,0,0.0,0.0,1100542.5,1100542.5,0.0,0.0004931818181819203
2019-01-15,1672.75,63.16266907144913,0,0,0,0.0,0.0,1100542.5,1100542.5,0.0,0.0004931818181819203
2019-01-16,1681.9703,64.22592420637184,0,0,0,0.0,0.0,1100542.5,1100542.5,0.0,0.0004931818181819203
2019-01-17,1691.37,65.35851307730437,0,0,0,0.0,0.0,1100542.5,1100542.5,0.0,0.0004931818181819203
2019-01-18,1693.2421,65.59952627849987,0,0,0,0.0,0.0,1100542.5,1100542.5,0.0,0.0004931818181819203
2019-01-22,1628.398,51.74449845972596,0,0,0,0.0,0.0,1100542.5,1100542.5,0.0,0.0004931818181819203
2019-01-23,1636.55,53.12735570155371,0,0,0,0.0,0.0,1100542.5,1100542.5,0.0,0.0004931818181819203
2019-01-24,1654.97,56.273361725440694,0,0,0,0.0,0.0,1100542.5,1100542.5,0.0,0.0004931818181819203
2019-01-25,1668.6,58.56013020750362,0,0,0,0.0,0.0,1100542.5,1100542.5,0.0,0.0004931818181819203
2019-01-28,1636.185,51.45012091440022,0,0,0,0.0,0.0,1100542.5,1100542.5,0.0,0.0004931818181819203
2019-01-29,1592.73,43.570399005268435,0,0,0,0.0,0.0,1100542.5,1100542.5,0.0,0.0004931818181819203
2019-01-30,1670.2312,56.708980234232996,0,0,0,0.0,0.0,1100542.5,1100542.5,0.0,0.0004931818181819203
2019-01-31,1720.41,62.919848594920026,0,0,0,0.0,0.0,1100542.5,1100542.5,0.0,0.0004931818181819203
2019-02-01,1623.8,48.143907639298305,0,0,0,0.0,0.0,1100542.5,1100542.5,0.0,0.0004931818181819203
2019-02-04,1630.5,49.065606036729974,0,0,0,0.0,0.0,1100542.5,1100542.5,0.0,0.0004931818181819203
2019-02-05,1656.87,52.739135475853175,0,0,0,0.0,0.0,1100542.5,1100542.5,0.0,0.0004931818181819203
2019-02-06,1639.42,50.083259681539865,0,0,0,0.0,0.0,1100542.5,1100542.5,0.0,0.0004931818181819203
2019-02-07,1611.6058,45.98222563278311,0,0,0,0.0,0.0,1100542.5,1100542.5,0.0,0.0004931818181819203
2019-02-08,1585.7397,42.3951629473248,0,0,0,0.0,0.0,1100542.5,1100542.5,0.0,0.0004931818181819203
2019-02-11,1591.8,43.541724173300814,0,0,0,0.0,0.0,1100542.5,1100542.5,0.0,0.0004931818181819203
2019-02-12,1637.89,51.67042836387388,0,0,0,0.0,0.0,1100542.5,1100542.5,0.0,0.0004931818181819203
2019-02-13,1640.3726,52.08332176817511,0,0,0,0.0,0.0,1100542.5,1100542.5,0.0,0.0004931818181819203
2019-02-14,1623.8774,48.9932432529317,0,0,0,0.0,0.0,1100542.5,1100542.5,0.0,0.0004931818181819203
2019-02-15,1607.5299,45.98873400636662,0,0,0,0.0,0.0,1100542.5,1100542.5,0.0,0.0004931818181819203
2019-02-19,1627.4731,50.13391604884084,0,0,0,0.0,0.0,1100542.5,1100542.5,0.0,0.0004931818181819203
2019-02-20,1622.62,49.114731315114724,0,0,0,0.0,0.0,1100542.5,1100542.5,0.0,0.0004931818181819203
2019-02-21,1619.9,48.50071965647283,0,0,0,0.0,0.0,1100542.5,1100542.5,0.0,0.0004931818181819203
2019-02-22,1631.19,51.30811735763245,0,0,0,0.0,0.0,1100542.5,1100542.5,0.0,0.0004931818181819203
2019-02-25,1633.0,51.77639623173798,0,0,0,0.0,0.0,1100542.5,1100542.5,0.0,0.0004931818181819203
2019-02-26,1636.33,52.70616652469592,0,0,0,0.0,0.0,1100542.5,1100542.5,0.0,0.0004931818181819203
2019-02-27,1641.09,54.11137656258344,0,0,0,0.0,0.0,1100542.5,1100542.5,0.0,0.0004931818181819203
2019-02-28,1639.79,53.62784926666253,0,0,0,0.0,0.0,1100542.5,1100542.5,0.0,0.0004931818181819203
2019-03-01,1671.26,62.61364296842567,0,0,0,0.0,0.0,1100542.5,1100542.5,0.0,0.0004931818181819203
2019-03-04,1696.16,68.05558850722768,0,0,0,0.0,0.0,1100542.5,1100542.5,0.0,0.0004931818181819203
2019-03-05,1691.81,66.1855454973242,0,0,0,0.0,0.0,1100542.5,1100542.5,0.0,0.0004931818181819203
2019-03-06,1669.16,57.107048467427624,0,0,0,0.0,0.0,1100542.5,1100542.5,0.0,0.0004931818181819203
2019-03-07,1626.28,44.3194446210978,0,0,0,0.0,0.0,1100542.5,1100542.5,0.0,0.0004931818181819203
2019-03-08,1622.11,43.272437613719866,0,0,0,0.0,0.0,1100542.5,1100542.5,0.0,0.0004931818181819203
2019-03-11,1670.32,56.47953482834697,0,0,0,0.0,0.0,1100542.5,1100542.5,0.0,0.0004931818181819203
2019-03-12,1672.42,56.964466000901965,0,0,0,0.0,0.0,1100542.5,1100542.5,0.0,0.0004931818181819203
2019-03-13,1690.8,61.17189216921756,0,0,0,0.0,0.0,1100542.5,1100542.5,0.0,0.0004931818181819203
2019-03-14,1685.29,59.24264733006548,0,0,0,0.0,0.0,1100542.5,1100542.5,0.0,0.0004931818181819203
2019-03-15,1712.91,65.3322702500404,0,0,0,0.0,0.0,1100542.5,1100542.5,0.0,0.0004931818181819203
2019-03-18,1742.0,70.49174507947849,0,0,0,0.0,0.0,1100542.5,1100542.5,0.0,0.0004931818181819203
2019-03-19,1762.7,73.59840922803514,0,0,0,0.0,0.0,1100542.5,1100542.5,0.0,0.0004931818181819203
2019-03-20,1797.73,77.96121357863727,0,0,0,0.0,0.0,1100542.5,1100542.5,0.0,0.0004931818181819203
2019-03-21,1818.4,80.11552104961737,0,0,0,0.0,0.0,1100542.5,1100542.5,0.0,0.0004931818181819203
2019-03-22,1764.06,62.32084797916288,0,0,0,0.0,0.0,1100542.5,1100542.5,0.0,0.0004931818181819203
2019-03-25,1774.07,63.95931723093897,0,0,0,0.0,0.0,1100542.5,1100542.5,0.0,0.0004931818181819203
2019-03-26,1784.47,65.68203999099413,0,0,0,0.0,0.0,1100542.5,1100542.5,0.0,0.0004931818181819203
2019-03-27,1766.0,60.0207566138095,0,0,0,0.0,0.0,1100542.5,1100542.5,0.0,0.0004931818181819203
2019-03-28,1773.67,61.549911795642245,0,0,0,0.0,0.0,1100542.5,1100542.5,0.0,0.0004931818181819203
2019-03-29,1781.09,63.06829831989857,0,0,0,0.0,0.0,1100542.5,1100542.5,0.0,0.0004931818181819203
2019-04-01,1814.36,69.13972994736264,0,0,0,0.0,0.0,1100542.5,1100542.5,0.0,0.0004931818181819203
2019-04-02,1814.0,69.00334415881343,0,0,0,0.0,0.0,1100542.5,1100542.5,0.0,0.0004931818181819203
2019-04-03,1820.41,70.16758510630157,0,0,0,0.0,0.0,1100542.5,1100542.5,0.0,0.0004931818181819203
2019-04-04,1819.51,69.75882438957161,0,0,0,0.0,0.0,1100542.5,1100542.5,0.0,0.0004931818181819203
2019-04-05,1837.65,73.24884096074963,0,0,0,0.0,0.0,1100542.5,1100542.5,0.0,0.0004931818181819203
2019-04-08,1849.679,75.34526393018649,0,0,0,0.0,0.0,1100542.5,1100542.5,0.0,0.0004931818181819203
2019-04-09,1836.52,68.79244863094578,0,0,0,0.0,0.0,1100542.5,1100542.5,0.0,0.0004931818181819203
2019-04-10,1847.33,71.0876248546401,0,0,0,0.0,0.0,1100542.5,1100542.5,0.0,0.0004931818181819203
2019-04-11,1844.5,69.5986901906438,0,0,0,0.0,0.0,1100542.5,1100542.5,0.0,0.0004931818181819203
2019-04-12,1842.96,68.72830984273047,0,0,0,0.0,0.0,1100542.5,1100542.5,0.0,0.0004931818181819203
2019-04-15,1844.85,69.25265137173909,0,0,0,0.0,0.0,1100542.5,1100542.5,0.0,0.0004931818181819203
2019-04-16,1862.92,73.9013808172522,0,0,0,0.0,0.0,1100542.5,1100542.5,0.0,0.0004931818181819203
2019-04-17,1864.82,74.35437520559107,0,0,0,0.0,0.0,1100542.5,1100542.5,0.0,0.0004931818181819203
2019-04-18,1861.4,71.85982947715954,0,0,0,0.0,0.0,1100542.5,1100542.5,0.0,0.0004931818181819203
2019-04-22,1888.04,78.1921557382755,0,0,0,0.0,0.0,1100542.5,1100542.5,0.0,0.0004931818181819203
2019-04-23,1924.17,83.71455136894217,0,0,0,0.0,0.0,1100542.5,1100542.5,0.0,0.0004931818181819203
2019-04-24,1900.88,70.86205374408047,0,0,0,0.0,0.0,1100542.5,1100542.5,0.0,0.0004931818181819203
2019-04-25,1902.16,71.1326930184812,0,0,0,0.0,0.0,1100542.5,1100542.5,0.0,0.0004931818181819203
2019-04-26,1950.9,79.27650756407562,0,0,0,0.0,0.0,1100542.5,1100542.5,0.0,0.0004931818181819203
2019-04-29,1939.0,73.64067246622233,0,0,0,0.0,0.0,1100542.5,1100542.5,0.0,0.0004931818181819203
2019-04-30,1926.53,68.01115823416517,0,0,0,0.0,0.0,1100542.5,1100542.5,0.0,0.0004931818181819203
2019-05-01,1911.29,61.61504758736019,0,0,0,0.0,0.0,1100542.5,1100542.5,0.0,0.0004931818181819203
2019-05-02,1901.72,57.820974724720074,0,0,0,0.0,0.0,1100542.5,1100542.5,0.0,0.0004931818181819203
2019-05-03,1961.76,70.48859428164846,0,0,0,0.0,0.0,1100542.5,1100542.5,0.0,0.0004931818181819203
2019-05-06,1950.29,66.26426208320271,0,0,0,0.0,0.0,1100542.5,1100542.5,0.0,0.0004931818181819203
2019-05-07,1922.58,57.08164831630153,0,0,0,0.0,0.0,1100542.5,1100542.5,0.0,0.0004931818181819203
2019-05-08,1916.85,55.320292860517725,0,0,0,0.0,0.0,1100542.5,1100542.5,0.0,0.0004931818181819203
2019-05-09,1900.01,50.256375357191466,0,0,0,0.0,0.0,1100542.5,1100542.5,0.0,0.0004931818181819203
2019-05-10,1889.98,47.38581400617866,0,0,0,0.0,0.0,1100542.5,1100542.5,0.0,0.0004931818181819203
2019-05-13,1822.62,33.22474674053474,0,0,0,0.0,0.0,1100542.5,1100542.5,0.0,0.0004931818181819203
2019-05-14,1840.05,38.50819748677707,0,0,0,0.0,0.0,1100542.5,1100542.5,0.0,0.0004931818181819203
2019-05-15,1871.12,46.839162162484584,0,0,0,0.0,0.0,1100542.5,1100542.5,0.0,0.0004931818181819203
2019-05-16,1907.86,54.87216558100164,0,0,0,0.0,0.0,1100542.5,1100542.5,0.0,0.0004931818181819203
2019-05-17,1867.99,46.4152597571273,0,0,0,0.0,0.0,1100542.5,1100542.5,0.0,0.0004931818181819203
2019-05-20,1858.04,44.51295474130453,0,0,0,0.0,0.0,1100542.5,1100542.5,0.0,0.0004931818181819203
2019-05-21,1858.11,44.53072543182995,0,0,0,0.0,0.0,1100542.5,1100542.5,0.0,0.0004931818181819203
2019-05-22,1859.425,44.89907216309841,0,0,0,0.0,0.0,1100542.5,1100542.5,0.0,0.0004931818181819203
2019-05-23,1815.67,36.04883360513036,0,0,0,0.0,0.0,1100542.5,1100542.5,0.0,0.0004931818181819203
2019-05-24,1823.3,38.401404715887246,0,0,0,0.0,0.0,1100542.5,1100542.5,0.0,0.0004931818181819203
2019-05-28,1836.56,42.48683702356525,0,0,0,0.0,0.0,1100542.5,1100542.5,0.0,0.0004931818181819203
2019-05-29,1820.2,38.94584007510146,0,0,0,0.0,0.0,1100542.5,1100542.5,0.0,0.0004931818181819203
2019-05-30,1815.81,38.00153780294212,0,0,0,0.0,0.0,1100542.5,1100542.5,0.0,0.0004931818181819203
2019-05-31,1775.07,30.40089500238082,0,0,0,0.0,0.0,1100542.5,1100542.5,0.0,0.0004931818181819203
2019-06-03,1692.76,20.980725449368393,1,1,500,500.0,846380.0,254162.5,1100542.5,0.0,0.0004931818181819203
2019-06-04,1730.18,31.67519872417101,0,1,0,-500.0,0.0,1119252.5,1119252.5,0.017000706469763704,0.017502272727272672
2019-06-05,1739.48,34.136735179019496,0,1,0,0.0,0.0,1119252.5,1119252.5,0.0,0.017502272727272672
2019-06-06,1754.6292,38.16855862951926,0,1,0,0.0,0.0,1119252.5,1119252.5,0.0,0.017502272727272672
2019-06-07,1804.02,49.39126469355582,0,1,0,0.0,0.0,1119252.5,1119252.5,0.0,0.017502272727272672
2019-06-10,1860.63,58.89310054226456,0,1,0,0.0,0.0,1119252.5,1119252.5,0.0,0.017502272727272672
2019-06-11,1863.7,59.3529480138327,0,1,0,0.0,0.0,1119252.5,1119252.5,0.0,0.017502272727272672
2019-06-12,1855.3,57.40078832667693,0,1,0,0.0,0.0,1119252.5,1119252.5,0.0,0.017502272727272672
2019-06-13,1870.748,60.08351137706115,-1,0,-500,-500.0,-935374.0,2054626.5,1119252.5,0.0,0.017502272727272672
2019-06-14,1870.17,59.926617097648034,0,0,0,500.0,0.0,1119541.5,1119541.5,0.0002582080451014601,0.01776499999999981
2019-06-17,1886.0,62.87654095282134,0,0,0,0.0,0.0,1119541.5,1119541.5,0.0,0.01776499999999981
2019-06-18,1902.15,65.73574527796512,0,0,0,0.0,0.0,1119541.5,1119541.5,0.0,0.01776499999999981
2019-06-19,1909.03,66.94094920577959,0,0,0,0.0,0.0,1119541.5,1119541.5,0.0,0.01776499999999981
2019-06-20,1917.95,68.53527508040617,0,0,0,0.0,0.0,1119541.5,1119541.5,0.0,0.01776499999999981
2019-06-21,1911.1,65.82651353230122,0,0,0,0.0,0.0,1119541.5,1119541.5,0.0,0.01776499999999981
2019-06-24,1913.96,66.44181511222448,0,0,0,0.0,0.0,1119541.5,1119541.5,0.0,0.01776499999999981
2019-06-25,1878.64,53.278558208734246,0,0,0,0.0,0.0,1119541.5,1119541.5,0.0,0.01776499999999981
2019-06-26,1897.75,58.25095622514805,0,0,0,0.0,0.0,1119541.5,1119541.5,0.0,0.01776499999999981
2019-06-27,1903.67,59.726288401098515,0,0,0,0.0,0.0,1119541.5,1119541.5,0.0,0.01776499999999981
2019-06-28,1889.83,54.704713942010294,0,0,0,0.0,0.0,1119541.5,1119541.5,0.0,0.01776499999999981
2019-07-01,1922.26,62.839164113224506,0,0,0,0.0,0.0,1119541.5,1119541.5,0.0,0.01776499999999981
2019-07-02,1934.79,65.49907762334915,0,0,0,0.0,0.0,1119541.5,1119541.5,0.0,0.01776499999999981
2019-07-03,1939.0,66.39701976260221,0,0,0,0.0,0.0,1119541.5,1119541.5,0.0,0.01776499999999981
2019-07-05,1943.1,67.31745403029164,0,0,0,0.0,0.0,1119541.5,1119541.5,0.0,0.01776499999999981
2019-07-08,1952.33,69.41313551453884,0,0,0,0.0,0.0,1119541.5,1119541.5,0.0,0.01776499999999981
2019-07-09,1987.35,75.92195879456047,0,0,0,0.0,0.0,1119541.5,1119541.5,0.0,0.01776499999999981
2019-07-10,2017.77,80.02460021057846,0,0,0,0.0,0.0,1119541.5,1119541.5,0.0,0.01776499999999981
2019-07-11,2001.07,72.49039217462484,0,0,0,0.0,0.0,1119541.5,1119541.5,0.0,0.01776499999999981
2019-07-12,2010.02,73.9507948677498,0,0,0,0.0,0.0,1119541.5,1119541.5,0.0,0.01776499999999981
2019-07-15,2021.0,75.70862581185379,0,0,0,0.0,0.0,1119541.5,1119541.5,0.0,0.01776499999999981
2019-07-16,2010.0,70.41905247985851,0,0,0,0.0,0.0,1119541.5,1119541.5,0.0,0.01776499999999981
2019-07-17,1992.16,62.54452934650503,0,0,0,0.0,0.0,1119541.5,1119541.5,0.0,0.01776499999999981
2019-07-18,1978.67,57.17298072626328,0,0,0,0.0,0.0,1119541.5,1119541.5,0.0,0.01776499999999981
2019-07-19,1965.0,52.131856190928424,0,0,0,0.0,0.0,1119541.5,1119541.5,0.0,0.01776499999999981
2019-07-22,1985.92,58.37297714205138,0,0,0,0.0,0.0,1119541.5,1119541.5,0.0,0.01776499999999981
2019-07-23,1994.47,60.699847427229514,0,0,0,0.0,0.0,1119541.5,1119541.5,0.0,0.01776499999999981
2019-07-24,2001.04,62.490041642668984,0,0,0,0.0,0.0,1119541.5,1119541.5,0.0,0.01776499999999981
2019-07-25,1975.02,52.05552858102779,0,0,0,0.0,0.0,1119541.5,1119541.5,0.0,0.01776499999999981
2019-07-26,1943.05,42.391956898695724,0,0,0,0.0,0.0,1119541.5,1119541.5,0.0,0.01776499999999981
2019-07-29,1912.87,35.48283023108142,0,0,0,0.0,0.0,1119541.5,1119541.5,0.0,0.01776499999999981
2019-07-30,1899.22,32.796621798579366,0,0,0,0.0,0.0,1119541.5,1119541.5,0.0,0.01776499999999981
2019-07-31,1866.39,27.278009832896288,1,1,500,500.0,933195.0,186346.5,1119541.5,0.0,0.01776499999999981
2019-08-01,1855.33,25.66168848151389,0,1,0,-500.0,0.0,1114011.5,1114011.5,-0.004939522116866546,0.01273772727272715
2019-08-02,1823.52,21.57610484942714,0,1,0,0.0,0.0,1114011.5,1114011.5,0.0,0.01273772727272715
2019-08-05,1765.13,16.287366863393075,0,1,0,0.0,0.0,1114011.5,1114011.5,0.0,0.01273772727272715
2019-08-06,1787.44,24.17768696392625,0,1,0,0.0,0.0,1114011.5,1114011.5,0.0,0.01273772727272715
2019-08-07,1793.39,26.23789837278794,0,1,0,0.0,0.0,1114011.5,1114011.5,0.0,0.01273772727272715
2019-08-08,1834.26,38.90713417935626,0,1,0,0.0,0.0,1114011.5,1114011.5,0.0,0.01273772727272715
2019-08-09,1807.88,34.640119271564586,0,1,0,0.0,0.0,1114011.5,1114011.5,0.0,0.01273772727272715
2019-08-12,1784.75,31.29627600581361,0,1,0,0.0,0.0,1114011.5,1114011.5,0.0,0.01273772727272715
2019-08-13,1824.29,41.941418468764574,0,1,0,0.0,0.0,1114011.5,1114011.5,0.0,0.01273772727272715
2019-08-14,1762.96,33.10207180401788,0,1,0,0.0,0.0,1114011.5,1114011.5,0.0,0.01273772727272715
2019-08-15,1775.41,36.13787954568496,0,1,0,0.0,0.0,1114011.5,1114011.5,0.0,0.01273772727272715
2019-08-16,1791.8,40.113094018602666,0,1,0,0.0,0.0,1114011.5,1114011.5,0.0,0.01273772727272715
2019-08-19,1816.83,45.83422127709087,0,1,0,0.0,0.0,1114011.5,1114011.5,0.0,0.01273772727272715
2019-08-20,1801.35,43.01068306807088,0,1,0,0.0,0.0,1114011.5,1114011.5,0.0,0.01273772727272715
2019-08-21,1823.38,48.069270565093014,0,1,0,0.0,0.0,1114011.5,1114011.5,0.0,0.01273772727272715
2019-08-22,1804.25,44.277219970617864,0,1,0,0.0,0.0,1114011.5,1114011.5,0.0,0.01273772727272715
2019-08-23,1750.77,35.562832686308425,0,1,0,0.0,0.0,1114011.5,1114011.5,0.0,0.01273772727272715
2019-08-26,1770.0,40.26031161794007,0,1,0,0.0,0.0,1114011.5,1114011.5,0.0,0.01273772727272715
2019-08-27,1761.92,38.93517664198364,0,1,0,0.0,0.0,1114011.5,1114011.5,0.0,0.01273772727272715
2019-08-28,1764.0,39.504703304859966,0,1,0,0.0,0.0,1114011.5,1114011.5,0.0,0.01273772727272715
2019-08-29,1786.46,45.59282140274918,0,1,0,0.0,0.0,1114011.5,1114011.5,0.0,0.01273772727272715
2019-08-30,1776.19,43.37503615977353,0,1,0,0.0,0.0,1114011.5,1114011.5,0.0,0.01273772727272715
2019-09-03,1789.51,47.084388695602684,0,1,0,0.0,0.0,1114011.5,1114011.5,0.0,0.01273772727272715
2019-09-04,1800.46,50.07185482470267,0,1,0,0.0,0.0,1114011.5,1114011.5,0.0,0.01273772727272715
2019-09-05,1840.73,59.431040138907704,0,1,0,0.0,0.0,1114011.5,1114011.5,0.0,0.01273772727272715
2019-09-06,1833.51,57.29161669599056,0,1,0,0.0,0.0,1114011.5,1114011.5,0.0,0.01273772727272715
2019-09-09,1831.29,56.59556881487932,0,1,0,0.0,0.0,1114011.5,1114011.5,0.0,0.01273772727272715
2019-09-10,1821.31,53.35755275856597,0,1,0,0.0,0.0,1114011.5,1114011.5,0.0,0.01273772727272715
2019-09-11,1822.49,53.70551711757238,0,1,0,0.0,0.0,1114011.5,1114011.5,0.0,0.01273772727272715
2019-09-12,1843.0,59.53551732013745,0,1,0,0.0,0.0,1114011.5,1114011.5,0.0,0.01273772727272715
2019-09-13,1839.34,58.085152092679266,0,1,0,0.0,0.0,1114011.5,1114011.5,0.0,0.01273772727272715
2019-09-16,1808.23,47.220654136686264,0,1,0,0.0,0.0,1114011.5,1114011.5,0.0,0.01273772727272715
2019-09-17,1822.62,51.849411389318355,0,1,0,0.0,0.0,1114011.5,1114011.5,0.0,0.01273772727272715
2019-09-18,1817.59,50.14151113885139,0,1,0,0.0,0.0,1114011.5,1114011.5,0.0,0.01273772727272715
2019-09-19,1821.54,51.53446984040266,0,1,0,0.0,0.0,1114011.5,1114011.5,0.0,0.01273772727272715
2019-09-20,1794.89,42.610240494265284,0,1,0,0.0,0.0,1114011.5,1114011.5,0.0,0.01273772727272715
2019-09-23,1784.29,39.581051436697216,0,1,0,0.0,0.0,1114011.5,1114011.5,0.0,0.01273772727272715
2019-09-24,1742.34,30.1545781412498,0,1,0,0.0,0.0,1114011.5,1114011.5,0.0,0.01273772727272715
2019-09-25,1768.08,39.9110075148639,0,1,0,0.0,0.0,1114011.5,1114011.5,0.0,0.01273772727272715
2019-09-26,1740.12,34.15304871612258,0,1,0,0.0,0.0,1114011.5,1114011.5,0.0,0.01273772727272715
2019-09-27,1725.85,31.570208123788206,0,1,0,0.0,0.0,1114011.5,1114011.5,0.0,0.01273772727272715
2019-09-30,1736.12,35.47247607536232,0,1,0,0.0,0.0,1114011.5,1114011.5,0.0,0.01273772727272715
2019-10-01,1736.11,35.47028769088307,0,1,0,0.0,0.0,1114011.5,1114011.5,0.0,0.01273772727272715
2019-10-02,1713.23,30.661467206424334,0,1,0,0.0,0.0,1114011.5,1114011.5,0.0,0.01273772727272715
2019-10-03,1724.25,35.35189765294494,0,1,0,0.0,0.0,1114011.5,1114011.5,0.0,0.01273772727272715
2019-10-04,1739.4,41.4063786651292,0,1,0,0.0,0.0,1114011.5,1114011.5,0.0,0.01273772727272715
2019-10-07,1732.5,39.532796986450464,0,1,0,0.0,0.0,1114011.5,1114011.5,0.0,0.01273772727272715
2019-10-08,1705.25,32.98372217423366,0,1,0,0.0,0.0,1114011.5,1114011.5,0.0,0.01273772727272715
2019-10-09,1721.79,39.71863496628918,0,1,0,0.0,0.0,1114011.5,1114011.5,0.0,0.01273772727272715
2019-10-10,1720.56,39.39153412174973,0,1,0,0.0,0.0,1114011.5,1114011.5,0.0,0.01273772727272715
2019-10-11,1729.98,43.360779097495076,0,1,0,0.0,0.0,1114011.5,1114011.5,0.0,0.01273772727272715
2019-10-14,1736.5,46.07662939329702,0,1,0,0.0,0.0,1114011.5,1114011.5,0.0,0.01273772727272715
2019-10-15,1767.35,56.93327110864278,0,1,0,0.0,0.0,1114011.5,1114011.5,0.0,0.01273772727272715
2019-10-16,1777.42,59.86405477708056,0,1,0,0.0,0.0,1114011.5,1114011.5,0.0,0.01273772727272715
2019-10-17,1787.47,62.68032191193239,-1,0,-500,-500.0,-893735.0,2007746.5,1114011.5,0.0,0.01273772727272715
2019-10-18,1757.79,50.94934275410578,0,0,0,500.0,0.0,1128851.5,1128851.5,0.013321226935269603,0.02622863636363637
2019-10-21,1785.835,59.004720873408765,0,0,0,0.0,0.0,1128851.5,1128851.5,0.0,0.02622863636363637
2019-10-22,1765.34,52.062250905705,0,0,0,0.0,0.0,1128851.5,1128851.5,0.0,0.02622863636363637
2019-10-23,1761.99,50.97301500541715,0,0,0,0.0,0.0,1128851.5,1128851.5,0.0,0.02622863636363637
2019-10-24,1781.5935,56.843708711119014,0,0,0,0.0,0.0,1128851.5,1128851.5,0.0,0.02622863636363637
2019-10-25,1762.0,50.17180382708121,0,0,0,0.0,0.0,1128851.5,1128851.5,0.0,0.02622863636363637
2019-10-28,1777.04,54.70601059402285,0,0,0,0.0,0.0,1128851.5,1128851.5,0.0,0.02622863636363637
2019-10-29,1763.04,50.00018867490977,0,0,0,0.0,0.0,1128851.5,1128851.5,0.0,0.02622863636363637
2019-10-30,1780.0,55.18870556822119,0,0,0,0.0,0.0,1128851.5,1128851.5,0.0,0.02622863636363637
2019-10-31,1777.1431,54.13723380938476,0,0,0,0.0,0.0,1128851.5,1128851.5,0.0,0.02622863636363637
2019-11-01,1791.47,58.5387699127426,0,0,0,0.0,0.0,1128851.5,1128851.5,0.0,0.02622863636363637
2019-11-04,1805.27,62.40073001922168,0,0,0,0.0,0.0,1128851.5,1128851.5,0.0,0.02622863636363637
2019-11-05,1801.7,60.773582024167226,0,0,0,0.0,0.0,1128851.5,1128851.5,0.0,0.02622863636363637
2019-11-06,1795.94,58.05950319058436,0,0,0,0.0,0.0,1128851.5,1128851.5,0.0,0.02622863636363637
2019-11-07,1788.2,54.430197877777786,0,0,0,0.0,0.0,1128851.5,1128851.5,0.0,0.02622863636363637
2019-11-08,1785.88,53.32013909424623,0,0,0,0.0,0.0,1128851.5,1128851.5,0.0,0.02622863636363637
2019-11-11,1771.9,46.91414482639598,0,0,0,0.0,0.0,1128851.5,1128851.5,0.0,0.02622863636363637
2019-11-12,1778.23,49.93994749778273,0,0,0,0.0,0.0,1128851.5,1128851.5,0.0,0.02622863636363637
2019-11-13,1753.4,40.00241622212467,0,0,0,0.0,0.0,1128851.5,1128851.5,0.0,0.02622863636363637
2019-11-14,1754.65,40.66287799986993,0,0,0,0.0,0.0,1128851.5,1128851.5,0.0,0.02622863636363637
2019-11-15,1739.08,35.28683509185518,0,0,0,0.0,0.0,1128851.5,1128851.5,0.0,0.02622863636363637
2019-11-18,1752.86,42.73230953592192,0,0,0,0.0,0.0,1128851.5,1128851.5,0.0,0.02622863636363637
2019-11-19,1753.16,42.89124906658524,0,0,0,0.0,0.0,1128851.5,1128851.5,0.0,0.02622863636363637
2019-11-20,1746.6335,40.1947040732818,0,0,0,0.0,0.0,1128851.5,1128851.5,0.0,0.02622863636363637
2019-11-21,1735.0,35.743991323468705,0,0,0,0.0,0.0,1128851.5,1128851.5,0.0,0.02622863636363637
2019-11-22,1745.85,42.35816183128797,0,0,0,0.0,0.0,1128851.5,1128851.5,0.0,0.02622863636363637
2019-11-25,1773.69,55.43615903215565,0,0,0,0.0,0.0,1128851.5,1128851.5,0.0,0.02622863636363637
2019-11-26,1796.99,63.20027734180762,0,0,0,0.0,0.0,1128851.5,1128851.5,0.0,0.02622863636363637
2019-11-27,1818.23,68.72016311263125,0,0,0,0.0,0.0,1128851.5,1128851.5,0.0,0.02622863636363637
2019-11-29,1800.96,60.519047326646266,0,0,0,0.0,0.0,1128851.5,1128851.5,0.0,0.02622863636363637
2019-12-02,1781.61,52.690719361750766,0,0,0,0.0,0.0,1128851.5,1128851.5,0.0,0.02622863636363637
2019-12-03,1770.33,48.61734965023902,0,0,0,0.0,0.0,1128851.5,1128851.5,0.0,0.02622863636363637
2019-12-04,1760.48,45.22512867986112,0,0,0,0.0,0.0,1128851.5,1128851.5,0.0,0.02622863636363637
2019-12-05,1740.48,39.07427936480047,0,0,0,0.0,0.0,1128851.5,1128851.5,0.0,0.02622863636363637
2019-12-06,1751.59,43.79262883212274,0,0,0,0.0,0.0,1128851.5,1128851.5,0.0,0.02622863636363637
2019-12-09,1749.42,43.06876805612887,0,0,0,0.0,0.0,1128851.5,1128851.5,0.0,0.02622863636363637
2019-12-10,1739.49,39.72976349181802,0,0,0,0.0,0.0,1128851.5,1128851.5,0.0,0.02622863636363637
2019-12-11,1748.9,44.27834940044666,0,0,0,0.0,0.0,1128851.5,1128851.5,0.0,0.02622863636363637
2019-12-12,1760.18,49.367867805589015,0,0,0,0.0,0.0,1128851.5,1128851.5,0.0,0.02622863636363637
2019-12-13,1760.93,49.707233467577545,0,0,0,0.0,0.0,1128851.5,1128851.5,0.0,0.02622863636363637
2019-12-16,1769.21,53.52807403322663,0,0,0,0.0,0.0,1128851.5,1128851.5,0.0,0.02622863636363637
2019-12-17,1790.66,61.86697944504926,0,0,0,0.0,0.0,1128851.5,1128851.5,0.0,0.02622863636363637
2019-12-18,1782.36,57.4358947279658,0,0,0,0.0,0.0,1128851.5,1128851.5,0.0,0.02622863636363637
2019-12-19,1792.29,61.13610271942482,0,0,0,0.0,0.0,1128851.5,1128851.5,0.0,0.02622863636363637
2019-12-20,1786.57,57.91378156291154,0,0,0,0.0,0.0,1128851.5,1128851.5,0.0,0.02622863636363637
2019-12-23,1793.0,60.51330811816415,0,0,0,0.0,0.0,1128851.5,1128851.5,0.0,0.02622863636363637
2019-12-24,1789.63,58.41226568428877,0,0,0,0.0,0.0,1128851.5,1128851.5,0.0,0.02622863636363637
2019-12-26,1869.02,78.21284371629629,0,0,0,0.0,0.0,1128851.5,1128851.5,0.0,0.02622863636363637
2019-12-27,1869.26,78.24763112643824,0,0,0,0.0,0.0,1128851.5,1128851.5,0.0,0.02622863636363637
2019-12-30,1847.18,67.26826879268668,0,0,0,0.0,0.0,1128851.5,1128851.5,0.0,0.02622863636363637
2019-12-31,1847.64,67.37423876620267,0,0,0,0.0,0.0,1128851.5,1128851.5,0.0,0.02622863636363637
2020-01-02,1897.71,76.55443254355635,0,0,0,0.0,0.0,1128851.5,1128851.5,0.0,0.02622863636363637
2020-01-03,1874.93,67.02126098719233,0,0,0,0.0,0.0,1128851.5,1128851.5,0.0,0.02622863636363637
2020-01-06,1903.33,71.87314444556682,0,0,0,0.0,0.0,1128851.5,1128851.5,0.0,0.02622863636363637
2020-01-07,1906.86,72.4332574058069,0,0,0,0.0,0.0,1128851.5,1128851.5,0.0,0.02622863636363637
2020-01-08,1892.09,66.295602823499,0,0,0,0.0,0.0,1128851.5,1128851.5,0.0,0.02622863636363637
2020-01-09,1901.0,68.10700320754769,0,0,0,0.0,0.0,1128851.5,1128851.5,0.0,0.02622863636363637
2020-01-10,1882.98,60.76799502022909,0,0,0,0.0,0.0,1128851.5,1128851.5,0.0,0.02622863636363637
2020-01-13,1891.41,62.84887870763663,0,0,0,0.0,0.0,1128851.5,1128851.5,0.0,0.02622863636363637
2020-01-14,1869.2,54.40192618173192,0,0,0,0.0,0.0,1128851.5,1128851.5,0.0,0.02622863636363637
2020-01-15,1862.01,51.89321359896616,0,0,0,0.0,0.0,1128851.5,1128851.5,0.0,0.02622863636363637
2020-01-16,1877.95,56.80040729484155,0,0,0,0.0,0.0,1128851.5,1128851.5,0.0,0.02622863636363637
2020-01-17,1864.71,51.91318917254496,0,0,0,0.0,0.0,1128851.5,1128851.5,0.0,0.02622863636363637
2020-01-21,1892.55,59.96184050747521,0,0,0,0.0,0.0,1128851.5,1128851.5,0.0,0.02622863636363637
2020-01-22,1887.46,57.99006803418326,0,0,0,0.0,0.0,1128851.5,1128851.5,0.0,0.02622863636363637
2020-01-23,1884.58,56.815492855878716,0,0,0,0.0,0.0,1128851.5,1128851.5,0.0,0.02622863636363637
2020-01-24,1861.64,48.17889914913693,0,0,0,0.0,0.0,1128851.5,1128851.5,0.0,0.02622863636363637
2020-01-27,1828.89,38.818578604151526,0,0,0,0.0,0.0,1128851.5,1128851.5,0.0,0.02622863636363637
2020-01-28,1853.33,47.30712171751407,0,0,0,0.0,0.0,1128851.5,1128851.5,0.0,0.02622863636363637
2020-01-29,1858.0,48.81487584789731,0,0,0,0.0,0.0,1128851.5,1128851.5,0.0,0.02622863636363637
2020-01-30,1870.8896,52.94413741441853,0,0,0,0.0,0.0,1128851.5,1128851.5,0.0,0.02622863636363637
2020-01-31,2007.75,75.89046860438017,0,0,0,0.0,0.0,1128851.5,1128851.5,0.0,0.02622863636363637
2020-02-03,2003.25,74.5621263050279,0,0,0,0.0,0.0,1128851.5,1128851.5,0.0,0.02622863636363637
2020-02-04,2049.78,78.82109378894557,0,0,0,0.0,0.0,1128851.5,1128851.5,0.0,0.02622863636363637
2020-02-05,2039.62,75.74434609081445,0,0,0,0.0,0.0,1128851.5,1128851.5,0.0,0.02622863636363637
2020-02-06,2050.37,76.80860793461554,0,0,0,0.0,0.0,1128851.5,1128851.5,0.0,0.02622863636363637
2020-02-07,2079.21,79.49101101360547,0,0,0,0.0,0.0,1128851.5,1128851.5,0.0,0.02622863636363637
2020-02-10,2134.55,83.54810103330381,0,0,0,0.0,0.0,1128851.5,1128851.5,0.0,0.02622863636363637
2020-02-11,2152.27,84.62985945326905,0,0,0,0.0,0.0,1128851.5,1128851.5,0.0,0.02622863636363637
2020-02-12,2161.34,85.18390942229189,0,0,0,0.0,0.0,1128851.5,1128851.5,0.0,0.02622863636363637
2020-02-13,2151.12,81.50550773898567,0,0,0,0.0,0.0,1128851.5,1128851.5,0.0,0.02622863636363637
2020-02-14,2135.48,75.9303120800154,0,0,0,0.0,0.0,1128851.5,1128851.5,0.0,0.02622863636363637
2020-02-18,2155.67,78.08088075789372,0,0,0,0.0,0.0,1128851.5,1128851.5,0.0,0.02622863636363637
2020-02-19,2170.21,79.5434009411538,0,0,0,0.0,0.0,1128851.5,1128851.5,0.0,0.02622863636363637
2020-02-20,2153.59,73.32927219312447,0,0,0,0.0,0.0,1128851.5,1128851.5,0.0,0.02622863636363637
2020-02-21,2095.97,56.366498333692334,0,0,0,0.0,0.0,1128851.5,1128851.5,0.0,0.02622863636363637
2020-02-24,2008.74,40.577491773113344,0,0,0,0.0,0.0,1128851.5,1128851.5,0.0,0.02622863636363637
2020-02-25,1970.65,35.722601498140676,0,0,0,0.0,0.0,1128851.5,1128851.5,0.0,0.02622863636363637
2020-02-26,1979.61,37.67170105366392,0,0,0,0.0,0.0,1128851.5,1128851.5,0.0,0.02622863636363637
2020-02-27,1882.88,27.62389379775614,1,1,500,500.0,941440.0,187411.5,1128851.5,0.0,0.02622863636363637
2020-02-28,1889.18,28.994413972074597,0,1,0,-500.0,0.0,1132001.5,1132001.5,0.0027904467505248665,0.029092272727272883
2020-03-02,1954.0,41.63025090215641,0,1,0,0.0,0.0,1132001.5,1132001.5,0.0,0.029092272727272883
2020-03-03,1908.88,36.59367811247279,0,1,0,0.0,0.0,1132001.5,1132001.5,0.0,0.029092272727272883
2020-03-04,1976.46,47.22038886392016,0,1,0,0.0,0.0,1132001.5,1132001.5,0.0,0.029092272727272883
2020-03-05,1924.03,41.25951924497358,0,1,0,0.0,0.0,1132001.5,1132001.5,0.0,0.029092272727272883
2020-03-06,1901.14,38.878757858261565,0,1,0,0.0,0.0,1132001.5,1132001.5,0.0,0.029092272727272883
2020-03-09,1800.01,30.296895558298274,0,1,0,0.0,0.0,1132001.5,1132001.5,0.0,0.029092272727272883
2020-03-10,1894.0,43.23592882589556,0,1,0,0.0,0.0,1132001.5,1132001.5,0.0,0.029092272727272883
2020-03-11,1819.63,37.16977687362311,0,1,0,0.0,0.0,1132001.5,1132001.5,0.0,0.029092272727272883
2020-03-12,1676.21,28.5782013725577,0,1,0,0.0,0.0,1132001.5,1132001.5,0.0,0.029092272727272883
2020-03-13,1786.31,40.34062117544791,0,1,0,0.0,0.0,1132001.5,1132001.5,0.0,0.029092272727272883
2020-03-16,1688.0,34.67496975389466,0,1,0,0.0,0.0,1132001.5,1132001.5,0.0,0.029092272727272883
2020-03-17,1807.38,45.081728739719225,0,1,0,0.0,0.0,1132001.5,1132001.5,0.0,0.029092272727272883
2020-03-18,1832.39,47.04544531177408,0,1,0,0.0,0.0,1132001.5,1132001.5,0.0,0.029092272727272883
2020-03-19,1880.5,50.80520637615191,0,1,0,0.0,0.0,1132001.5,1132001.5,0.0,0.029092272727272883
2020-03-20,1846.09,48.09168216846241,0,1,0,0.0,0.0,1132001.5,1132001.5,0.0,0.029092272727272883
2020-03-23,1902.54,52.69691613902826,0,1,0,0.0,0.0,1132001.5,1132001.5,0.0,0.029092272727272883
2020-03-24,1940.0,55.601251674415074,0,1,0,0.0,0.0,1132001.5,1132001.5,0.0,0.029092272727272883
2020-03-25,1885.78,50.6044168984163,0,1,0,0.0,0.0,1132001.5,1132001.5,0.0,0.029092272727272883
2020-03-26,1955.225,56.205464973588576,0,1,0,0.0,0.0,1132001.5,1132001.5,0.0,0.029092272727272883
2020-03-27,1899.92,51.08021764602217,0,1,0,0.0,0.0,1132001.5,1132001.5,0.0,0.029092272727272883
2020-03-30,1964.78,56.27573541814069,0,1,0,0.0,0.0,1132001.5,1132001.5,0.0,0.029092272727272883
2020-03-31,1949.79,54.7816962836274,0,1,0,0.0,0.0,1132001.5,1132001.5,0.0,0.029092272727272883
2020-04-01,1906.58,50.488567038991,0,1,0,0.0,0.0,1132001.5,1132001.5,0.0,0.029092272727272883
2020-04-02,1918.83,51.68135312390577,0,1,0,0.0,0.0,1132001.5,1132001.5,0.0,0.029092272727272883
2020-04-03,1906.6,50.33615888468407,0,1,0,0.0,0.0,1132001.5,1132001.5,0.0,0.029092272727272883
2020-04-06,1998.49,59.20148580117125,0,1,0,0.0,0.0,1132001.5,1132001.5,0.0,0.029092272727272883
2020-04-07,2011.6,60.32420718333414,-1,0,-500,-500.0,-1005800.0,2137801.5,1132001.5,0.0,0.029092272727272883
2020-04-08,2042.9,63.02351497257593,0,0,0,500.0,0.0,1116351.5,1116351.5,-0.013825070019783503,0.014865000000000128
2020-04-09,2042.82,63.01134054211627,0,0,0,0.0,0.0,1116351.5,1116351.5,0.0,0.014865000000000128
2020-04-13,2168.01,72.31137511197684,0,0,0,0.0,0.0,1116351.5,1116351.5,0.0,0.014865000000000128
2020-04-14,2283.31,77.97764118329911,0,0,0,0.0,0.0,1116351.5,1116351.5,0.0,0.014865000000000128
2020-04-15,2309.27,79.0501699555364,0,0,0,0.0,0.0,1116351.5,1116351.5,0.0,0.014865000000000128
2020-04-16,2408.19,82.63149996022474,0,0,0,0.0,0.0,1116351.5,1116351.5,0.0,0.014865000000000128
2020-04-17,2372.87,77.38335898844738,0,0,0,0.0,0.0,1116351.5,1116351.5,0.0,0.014865000000000128
2020-04-20,2393.08,78.26116632218636,0,0,0,0.0,0.0,1116351.5,1116351.5,0.0,0.014865000000000128
2020-04-21,2329.36,68.89378708471043,0,0,0,0.0,0.0,1116351.5,1116351.5,0.0,0.014865000000000128
2020-04-22,2366.54,71.13380952444717,0,0,0,0.0,0.0,1116351.5,1116351.5,0.0,0.014865000000000128
2020-04-23,2399.44,73.04247266224897,0,0,0,0.0,0.0,1116351.5,1116351.5,0.0,0.014865000000000128
2020-04-24,2410.0,73.66351769244766,0,0,0,0.0,0.0,1116351.5,1116351.5,0.0,0.014865000000000128
2020-04-27,2376.82,68.17987450625706,0,0,0,0.0,0.0,1116351.5,1116351.5,0.0,0.014865000000000128
2020-04-28,2314.08,58.958626275165265,0,0,0,0.0,0.0,1116351.5,1116351.5,0.0,0.014865000000000128
2020-04-29,2371.88,63.94959126387059,0,0,0,0.0,0.0,1116351.5,1116351.5,0.0,0.014865000000000128
2020-04-30,2471.5,70.75927522901,0,0,0,0.0,0.0,1116351.5,1116351.5,0.0,0.014865000000000128
2020-05-01,2285.94,50.87148612695,0,0,0,0.0,0.0,1116351.5,1116351.5,0.0,0.014865000000000128
2020-05-04,2315.99,53.23646915205624,0,0,0,0.0,0.0,1116351.5,1116351.5,0.0,0.014865000000000128
2020-05-05,2317.64,53.373407485313436,0,0,0,0.0,0.0,1116351.5,1116351.5,0.0,0.014865000000000128
2020-05-06,2350.97,56.24892073789258,0,0,0,0.0,0.0,1116351.5,1116351.5,0.0,0.014865000000000128
2020-05-07,2367.61,57.69614920271305,0,0,0,0.0,0.0,1116351.5,1116351.5,0.0,0.014865000000000128
2020-05-08,2379.5,58.77871881947514,0,0,0,0.0,0.0,1116351.5,1116351.5,0.0,0.014865000000000128
2020-05-11,2406.9375,61.316871242808375,0,0,0,0.0,0.0,1116351.5,1116351.5,0.0,0.014865000000000128
2020-05-12,2357.505,54.58832129753233,0,0,0,0.0,0.0,1116351.5,1116351.5,0.0,0.014865000000000128
2020-05-13,2366.17,55.53857239513638,0,0,0,0.0,0.0,1116351.5,1116351.5,0.0,0.014865000000000128
2020-05-14,2391.37,58.35454180320512,0,0,0,0.0,0.0,1116351.5,1116351.5,0.0,0.014865000000000128
2020-05-15,2410.41,60.45704903922443,0,0,0,0.0,0.0,1116351.5,1116351.5,0.0,0.014865000000000128
2020-05-18,2426.38,62.23396429682752,0,0,0,0.0,0.0,1116351.5,1116351.5,0.0,0.014865000000000128
2020-05-19,2448.59,64.68609976471645,0,0,0,0.0,0.0,1116351.5,1116351.5,0.0,0.014865000000000128
2020-05-20,2497.35,69.51455517357083,0,0,0,0.0,0.0,1116351.5,1116351.5,0.0,0.014865000000000128
2020-05-21,2448.01,60.252071401436275,0,0,0,0.0,0.0,1116351.5,1116351.5,0.0,0.014865000000000128
2020-05-22,2436.89,58.30656657241129,0,0,0,0.0,0.0,1116351.5,1116351.5,0.0,0.014865000000000128
2020-05-26,2423.7,55.926571666378074,0,0,0,0.0,0.0,1116351.5,1116351.5,0.0,0.014865000000000128
2020-05-27,2409.51,53.32472171456048,0,0,0,0.0,0.0,1116351.5,1116351.5,0.0,0.014865000000000128
2020-05-28,2401.05,51.73047342121405,0,0,0,0.0,0.0,1116351.5,1116351.5,0.0,0.014865000000000128
2020-05-29,2436.53,57.632855219724476,0,0,0,0.0,0.0,1116351.5,1116351.5,0.0,0.014865000000000128
2020-06-01,2470.12,62.46139951429177,0,0,0,0.0,0.0,1116351.5,1116351.5,0.0,0.014865000000000128
2020-06-02,2473.3,62.906096481494636,0,0,0,0.0,0.0,1116351.5,1116351.5,0.0,0.014865000000000128
2020-06-03,2478.4,63.672957529451566,0,0,0,0.0,0.0,1116351.5,1116351.5,0.0,0.014865000000000128
2020-06-04,2460.6,58.94706698952452,0,0,0,0.0,0.0,1116351.5,1116351.5,0.0,0.014865000000000128
2020-06-05,2481.415,62.55786461633746,0,0,0,0.0,0.0,1116351.5,1116351.5,0.0,0.014865000000000128
2020-06-08,2522.8,68.64942440921479,0,0,0,0.0,0.0,1116351.5,1116351.5,0.0,0.014865000000000128
2020-06-09,2603.39,76.81199533667716,0,0,0,0.0,0.0,1116351.5,1116351.5,0.0,0.014865000000000128
2020-06-10,2648.16,80.02258096699663,0,0,0,0.0,0.0,1116351.5,1116351.5,0.0,0.014865000000000128
2020-06-11,2558.47,61.16990162672951,0,0,0,0.0,0.0,1116351.5,1116351.5,0.0,0.014865000000000128
2020-06-12,2566.705,62.08126472544083,0,0,0,0.0,0.0,1116351.5,1116351.5,0.0,0.014865000000000128
2020-06-15,2572.62,62.77847810321256,0,0,0,0.0,0.0,1116351.5,1116351.5,0.0,0.014865000000000128
2020-06-16,2615.13,67.54390661359128,0,0,0,0.0,0.0,1116351.5,1116351.5,0.0,0.014865000000000128
2020-06-17,2641.72,70.19587830197148,0,0,0,0.0,0.0,1116351.5,1116351.5,0.0,0.014865000000000128
2020-06-18,2655.0,71.4886665532669,0,0,0,0.0,0.0,1116351.5,1116351.5,0.0,0.014865000000000128
2020-06-19,2671.86,73.13263375874578,0,0,0,0.0,0.0,1116351.5,1116351.5,0.0,0.014865000000000128
2020-06-22,2712.0,76.68834167066882,0,0,0,0.0,0.0,1116351.5,1116351.5,0.0,0.014865000000000128
2020-06-23,2764.42,80.44379742047575,0,0,0,0.0,0.0,1116351.5,1116351.5,0.0,0.014865000000000128
2020-06-24,2733.49,72.7592533180744,0,0,0,0.0,0.0,1116351.5,1116351.5,0.0,0.014865000000000128
2020-06-25,2756.16,74.72549665822213,0,0,0,0.0,0.0,1116351.5,1116351.5,0.0,0.014865000000000128
2020-06-26,2692.87,61.05509604340248,0,0,0,0.0,0.0,1116351.5,1116351.5,0.0,0.014865000000000128
2020-06-29,2681.52,58.907744815605206,0,0,0,0.0,0.0,1116351.5,1116351.5,0.0,0.014865000000000128
2020-06-30,2756.09,67.30270689384872,0,0,0,0.0,0.0,1116351.5,1116351.5,0.0,0.014865000000000128
2020-07-01,2879.2,76.21588279475937,0,0,0,0.0,0.0,1116351.5,1116351.5,0.0,0.014865000000000128
2020-07-02,2887.56,76.69521457290332,0,0,0,0.0,0.0,1116351.5,1116351.5,0.0,0.014865000000000128
2020-07-06,3057.16,83.97506577510406,0,0,0,0.0,0.0,1116351.5,1116351.5,0.0,0.014865000000000128
2020-07-07,3000.12,75.19717669683713,0,0,0,0.0,0.0,1116351.5,1116351.5,0.0,0.014865000000000128
2020-07-08,3081.88,78.73701081413432,0,0,0,0.0,0.0,1116351.5,1116351.5,0.0,0.014865000000000128
2020-07-09,3183.81,82.24677326284606,0,0,0,0.0,0.0,1116351.5,1116351.5,0.0,0.014865000000000128
2020-07-10,3203.36,82.8500525659708,0,0,0,0.0,0.0,1116351.5,1116351.5,0.0,0.014865000000000128
2020-07-13,3101.55,69.23634477464954,0,0,0,0.0,0.0,1116351.5,1116351.5,0.0,0.014865000000000128
2020-07-14,3084.02,67.12614151470368,0,0,0,0.0,0.0,1116351.5,1116351.5,0.0,0.014865000000000128
2020-07-15,3008.87,58.61644293341669,0,0,0,0.0,0.0,1116351.5,1116351.5,0.0,0.014865000000000128
2020-07-16,2994.55,57.08426078396964,0,0,0,0.0,0.0,1116351.5,1116351.5,0.0,0.014865000000000128
2020-07-17,2961.47,53.495161947168334,0,0,0,0.0,0.0,1116351.5,1116351.5,0.0,0.014865000000000128
2020-07-20,3195.01,68.85556848614036,0,0,0,0.0,0.0,1116351.5,1116351.5,0.0,0.014865000000000128
2020-07-21,3141.43,63.5082773453901,0,0,0,0.0,0.0,1116351.5,1116351.5,0.0,0.014865000000000128
2020-07-22,3100.23,59.55664113766703,0,0,0,0.0,0.0,1116351.5,1116351.5,0.0,0.014865000000000128
2020-07-23,2987.725,50.098542971672316,0,0,0,0.0,0.0,1116351.5,1116351.5,0.0,0.014865000000000128
2020-07-24,3008.92,51.70401855199056,0,0,0,0.0,0.0,1116351.5,1116351.5,0.0,0.014865000000000128
2020-07-27,3053.89,55.108868572134064,0,0,0,0.0,0.0,1116351.5,1116351.5,0.0,0.014865000000000128
2020-07-28,2999.62,50.34922726809132,0,0,0,0.0,0.0,1116351.5,1116351.5,0.0,0.014865000000000128
2020-07-29,3034.27,53.21573706018182,0,0,0,0.0,0.0,1116351.5,1116351.5,0.0,0.014865000000000128
2020-07-30,3052.65,54.75529122710493,0,0,0,0.0,0.0,1116351.5,1116351.5,0.0,0.014865000000000128
2020-07-31,3164.68,63.00105426998715,0,0,0,0.0,0.0,1116351.5,1116351.5,0.0,0.014865000000000128
2020-08-03,3111.42,57.468598204879754,0,0,0,0.0,0.0,1116351.5,1116351.5,0.0,0.014865000000000128
2020-08-04,3138.82,59.50149815709686,0,0,0,0.0,0.0,1116351.5,1116351.5,0.0,0.014865000000000128
2020-08-05,3205.83,64.15691180375475,0,0,0,0.0,0.0,1116351.5,1116351.5,0.0,0.014865000000000128
2020-08-06,3224.35,65.37904139924439,0,0,0,0.0,0.0,1116351.5,1116351.5,0.0,0.014865000000000128
2020-08-07,3165.75,58.380698017328235,0,0,0,0.0,0.0,1116351.5,1116351.5,0.0,0.014865000000000128
2020-08-10,3149.87,56.557811356643555,0,0,0,0.0,0.0,1116351.5,1116351.5,0.0,0.014865000000000128
2020-08-11,3080.67,49.13015793930012,0,0,0,0.0,0.0,1116351.5,1116351.5,0.0,0.014865000000000128
2020-08-12,3161.0,56.498828663081284,0,0,0,0.0,0.0,1116351.5,1116351.5,0.0,0.014865000000000128
2020-08-13,3161.02,56.50057176198066,0,0,0,0.0,0.0,1116351.5,1116351.5,0.0,0.014865000000000128
2020-08-14,3148.0,54.909082390077536,0,0,0,0.0,0.0,1116351.5,1116351.5,0.0,0.014865000000000128
2020-08-17,3181.16,58.23793021995219,0,0,0,0.0,0.0,1116351.5,1116351.5,0.0,0.014865000000000128
2020-08-18,3312.49,68.47840277349896,0,0,0,0.0,0.0,1116351.5,1116351.5,0.0,0.014865000000000128
2020-08-19,3260.15,61.771062778170574,0,0,0,0.0,0.0,1116351.5,1116351.5,0.0,0.014865000000000128
2020-08-20,3296.05,64.4265311686276,0,0,0,0.0,0.0,1116351.5,1116351.5,0.0,0.014865000000000128
2020-08-21,3284.59,62.877389715594504,0,0,0,0.0,0.0,1116351.5,1116351.5,0.0,0.014865000000000128
2020-08-24,3307.45,64.75568759248057,0,0,0,0.0,0.0,1116351.5,1116351.5,0.0,0.014865000000000128
2020-08-25,3346.05,67.81129809193143,0,0,0,0.0,0.0,1116351.5,1116351.5,0.0,0.014865000000000128
2020-08-26,3442.06,74.0330945995153,0,0,0,0.0,0.0,1116351.5,1116351.5,0.0,0.014865000000000128
2020-08-27,3400.7,67.7636286951237,0,0,0,0.0,0.0,1116351.5,1116351.5,0.0,0.014865000000000128
2020-08-28,3401.8,67.84409887493031,0,0,0,0.0,0.0,1116351.5,1116351.5,0.0,0.014865000000000128
2020-08-31,3441.91,70.79752400147183,0,0,0,0.0,0.0,1116351.5,1116351.5,0.0,0.014865000000000128
2020-09-01,3500.47,74.58432760138,0,0,0,0.0,0.0,1116351.5,1116351.5,0.0,0.014865000000000128
2020-09-02,3529.34,76.26993069126682,0,0,0,0.0,0.0,1116351.5,1116351.5,0.0,0.014865000000000128
2020-09-03,3369.17,54.13696893740911,0,0,0,0.0,0.0,1116351.5,1116351.5,0.0,0.014865000000000128
2020-09-04,3294.62,47.072529860042444,0,0,0,0.0,0.0,1116351.5,1116351.5,0.0,0.014865000000000128
2020-09-08,3149.84,36.730068611129525,0,0,0,0.0,0.0,1116351.5,1116351.5,0.0,0.014865000000000128
2020-09-09,3268.27,47.26164919233293,0,0,0,0.0,0.0,1116351.5,1116351.5,0.0,0.014865000000000128
2020-09-10,3176.12,41.3159248407489,0,0,0,0.0,0.0,1116351.5,1116351.5,0.0,0.014865000000000128
2020-09-11,3117.28,37.93045630940573,0,0,0,0.0,0.0,1116351.5,1116351.5,0.0,0.014865000000000128
2020-09-14,3102.97,37.108776901686966,0,0,0,0.0,0.0,1116351.5,1116351.5,0.0,0.014865000000000128
2020-09-15,3153.28,42.015571630122906,0,0,0,0.0,0.0,1116351.5,1116351.5,0.0,0.014865000000000128
2020-09-16,3077.14,37.14257705560293,0,0,0,0.0,0.0,1116351.5,1116351.5,0.0,0.014865000000000128
2020-09-17,3010.56,33.38097322074397,0,0,0,0.0,0.0,1116351.5,1116351.5,0.0,0.014865000000000128
2020-09-18,2952.64,30.40463008588101,0,0,0,0.0,0.0,1116351.5,1116351.5,0.0,0.014865000000000128
2020-09-21,2962.0,31.50128804599801,0,0,0,0.0,0.0,1116351.5,1116351.5,0.0,0.014865000000000128
2020-09-22,3129.0,47.805897336116274,0,0,0,0.0,0.0,1116351.5,1116351.5,0.0,0.014865000000000128
2020-09-23,2997.44,39.562965435389906,0,0,0,0.0,0.0,1116351.5,1116351.5,0.0,0.014865000000000128
2020-09-24,3018.58,41.36795174513033,0,0,0,0.0,0.0,1116351.5,1116351.5,0.0,0.014865000000000128
2020-09-25,3094.65,47.62231354821455,0,0,0,0.0,0.0,1116351.5,1116351.5,0.0,0.014865000000000128
2020-09-28,3175.04,53.45259489731949,0,0,0,0.0,0.0,1116351.5,1116351.5,0.0,0.014865000000000128
2020-09-29,3142.92,50.935526596784996,0,0,0,0.0,0.0,1116351.5,1116351.5,0.0,0.014865000000000128
2020-09-30,3147.425,51.29295963870368,0,0,0,0.0,0.0,1116351.5,1116351.5,0.0,0.014865000000000128
2020-10-01,3222.01,57.04889707617315,0,0,0,0.0,0.0,1116351.5,1116351.5,0.0,0.014865000000000128
2020-10-02,3125.93,48.79533180087494,0,0,0,0.0,0.0,1116351.5,1116351.5,0.0,0.014865000000000128
2020-10-05,3199.2,54.38691133529744,0,0,0,0.0,0.0,1116351.5,1116351.5,0.0,0.014865000000000128
2020-10-06,3099.29,46.666042408289954,0,0,0,0.0,0.0,1116351.5,1116351.5,0.0,0.014865000000000128
2020-10-07,3192.51,53.508374448753415,0,0,0,0.0,0.0,1116351.5,1116351.5,0.0,0.014865000000000128
2020-10-08,3190.55,53.34848240004615,0,0,0,0.0,0.0,1116351.5,1116351.5,0.0,0.014865000000000128
2020-10-09,3287.82,59.94796687286795,0,0,0,0.0,0.0,1116351.5,1116351.5,0.0,0.014865000000000128
2020-10-12,3442.93,67.97495109600457,0,0,0,0.0,0.0,1116351.5,1116351.5,0.0,0.014865000000000128
2020-10-13,3442.64,67.94666248247628,0,0,0,0.0,0.0,1116351.5,1116351.5,0.0,0.014865000000000128
2020-10-14,3363.05,60.29490227363772,0,0,0,0.0,0.0,1116351.5,1116351.5,0.0,0.014865000000000128
2020-10-15,3338.62,58.06478106385086,0,0,0,0.0,0.0,1116351.5,1116351.5,0.0,0.014865000000000128
2020-10-16,3160.0,44.64881578114247,0,0,0,0.0,0.0,1116351.5,1116351.5,0.0,0.014865000000000128
2020-10-19,3207.3,48.172203407324425,0,0,0,0.0,0.0,1116351.5,1116351.5,0.0,0.014865000000000128
2020-10-20,3216.26,48.85740852507972,0,0,0,0.0,0.0,1116351.5,1116351.5,0.0,0.014865000000000128
2020-10-21,3183.6,46.37427188850693,0,0,0,0.0,0.0,1116351.5,1116351.5,0.0,0.014865000000000128
2020-10-22,3177.4,45.882403009833276,0,0,0,0.0,0.0,1116351.5,1116351.5,0.0,0.014865000000000128
2020-10-23,3204.64,48.54655853015369,0,0,0,0.0,0.0,1116351.5,1116351.5,0.0,0.014865000000000128
2020-10-26,3207.32,48.82197491490645,0,0,0,0.0,0.0,1116351.5,1116351.5,0.0,0.014865000000000128
2020-10-27,3287.92,56.58715195522569,0,0,0,0.0,0.0,1116351.5,1116351.5,0.0,0.014865000000000128
2020-10-28,3162.49,44.82660418459553,0,0,0,0.0,0.0,1116351.5,1116351.5,0.0,0.014865000000000128
2020-10-29,3212.79,49.50288254577151,0,0,0,0.0,0.0,1116351.5,1116351.5,0.0,0.014865000000000128
2020-10-30,3036.13,37.19926695356348,0,0,0,0.0,0.0,1116351.5,1116351.5,0.0,0.014865000000000128
2020-11-02,3004.48,35.44555976085182,0,0,0,0.0,0.0,1116351.5,1116351.5,0.0,0.014865000000000128
2020-11-03,3046.25,39.61969265856024,0,0,0,0.0,0.0,1116351.5,1116351.5,0.0,0.014865000000000128
2020-11-04,3241.16,54.77973442822765,0,0,0,0.0,0.0,1116351.5,1116351.5,0.0,0.014865000000000128
2020-11-05,3322.0,59.46936043366199,0,0,0,0.0,0.0,1116351.5,1116351.5,0.0,0.014865000000000128
2020-11-06,3310.41,58.502871456385975,0,0,0,0.0,0.0,1116351.5,1116351.5,0.0,0.014865000000000128
2020-11-09,3141.34,46.30526496730764,0,0,0,0.0,0.0,1116351.5,1116351.5,0.0,0.014865000000000128
2020-11-10,3035.18,40.42497144338001,0,0,0,0.0,0.0,1116351.5,1116351.5,0.0,0.014865000000000128
2020-11-11,3136.81,47.51463116685199,0,0,0,0.0,0.0,1116351.5,1116351.5,0.0,0.014865000000000128
2020-11-12,3110.2,45.924666112654734,0,0,0,0.0,0.0,1116351.5,1116351.5,0.0,0.014865000000000128
2020-11-13,3134.09,47.67140526365751,0,0,0,0.0,0.0,1116351.5,1116351.5,0.0,0.014865000000000128
2020-11-16,3132.99,47.59275436113762,0,0,0,0.0,0.0,1116351.5,1116351.5,0.0,0.014865000000000128
2020-11-17,3135.66,47.824913083046596,0,0,0,0.0,0.0,1116351.5,1116351.5,0.0,0.014865000000000128
2020-11-18,3105.1,45.27429772370116,0,0,0,0.0,0.0,1116351.5,1116351.5,0.0,0.014865000000000128
2020-11-19,3114.41,46.2447309169708,0,0,0,0.0,0.0,1116351.5,1116351.5,0.0,0.014865000000000128
2020-11-20,3099.205,44.80302760405605,0,0,0,0.0,0.0,1116351.5,1116351.5,0.0,0.014865000000000128
2020-11-23,3100.18,44.925359861373295,0,0,0,0.0,0.0,1116351.5,1116351.5,0.0,0.014865000000000128
2020-11-24,3116.86,47.15176965174542,0,0,0,0.0,0.0,1116351.5,1116351.5,0.0,0.014865000000000128
2020-11-25,3184.82,55.32721273930705,0,0,0,0.0,0.0,1116351.5,1116351.5,0.0,0.014865000000000128
2020-11-27,3195.95,56.550325952318765,0,0,0,0.0,0.0,1116351.5,1116351.5,0.0,0.014865000000000128
2020-11-30,3168.03,52.5407571104342,0,0,0,0.0,0.0,1116351.5,1116351.5,0.0,0.014865000000000128
2020-12-01,3220.08,58.618369160793094,0,0,0,0.0,0.0,1116351.5,1116351.5,0.0,0.014865000000000128
2020-12-02,3203.75,56.11340380540486,0,0,0,0.0,0.0,1116351.5,1116351.5,0.0,0.014865000000000128
2020-12-03,3188.66,53.75484789884154,0,0,0,0.0,0.0,1116351.5,1116351.5,0.0,0.014865000000000128
2020-12-04,3163.49,49.870030071873025,0,0,0,0.0,0.0,1116351.5,1116351.5,0.0,0.014865000000000128
2020-12-07,3158.77,49.13022375314222,0,0,0,0.0,0.0,1116351.5,1116351.5,0.0,0.014865000000000128
2020-12-08,3176.64,52.11827627626956,0,0,0,0.0,0.0,1116351.5,1116351.5,0.0,0.014865000000000128
2020-12-09,3101.35,40.87777084749779,0,0,0,0.0,0.0,1116351.5,1116351.5,0.0,0.014865000000000128
2020-12-10,3100.07,40.711908647180955,0,0,0,0.0,0.0,1116351.5,1116351.5,0.0,0.014865000000000128
2020-12-11,3116.41,43.938363285072064,0,0,0,0.0,0.0,1116351.5,1116351.5,0.0,0.014865000000000128
2020-12-14,3156.97,51.25470793730923,0,0,0,0.0,0.0,1116351.5,1116351.5,0.0,0.014865000000000128
2020-12-15,3166.45,52.85262339141459,0,0,0,0.0,0.0,1116351.5,1116351.5,0.0,0.014865000000000128
2020-12-16,3240.96,63.345830045759314,0,0,0,0.0,0.0,1116351.5,1116351.5,0.0,0.014865000000000128
2020-12-17,3237.015,62.52715919773887,0,0,0,0.0,0.0,1116351.5,1116351.5,0.0,0.014865000000000128
2020-12-18,3201.07,55.292670663058246,0,0,0,0.0,0.0,1116351.5,1116351.5,0.0,0.014865000000000128
2020-12-21,3205.74,56.027116815752855,0,0,0,0.0,0.0,1116351.5,1116351.5,0.0,0.014865000000000128
2020-12-22,3206.52,56.16077001621524,0,0,0,0.0,0.0,1116351.5,1116351.5,0.0,0.014865000000000128
2020-12-23,3186.73,51.72843628499084,0,0,0,0.0,0.0,1116351.5,1116351.5,0.0,0.014865000000000128
2020-12-24,3171.16,48.38991199418543,0,0,0,0.0,0.0,1116351.5,1116351.5,0.0,0.014865000000000128
2020-12-28,3283.96,66.03529300353173,0,0,0,0.0,0.0,1116351.5,1116351.5,0.0,0.014865000000000128
2020-12-29,3320.71,69.7760032472941,0,0,0,0.0,0.0,1116351.5,1116351.5,0.0,0.014865000000000128
2020-12-30,3285.85,62.518873757709244,0,0,0,0.0,0.0,1116351.5,1116351.5,0.0,0.014865000000000128
2020-12-31,3256.41,56.959884950068854,0,0,0,0.0,0.0,1116351.5,1116351.5,0.0,0.014865000000000128
2021-01-04,3186.65,46.15481011349478,0,0,0,0.0,0.0,1116351.5,1116351.5,0.0,0.014865000000000128
2021-01-05,3218.51,50.88292441495281,0,0,0,0.0,0.0,1116351.5,1116351.5,0.0,0.014865000000000128
2021-01-06,3138.01,40.820047523169364,0,0,0,0.0,0.0,1116351.5,1116351.5,0.0,0.014865000000000128
2021-01-07,3161.41,44.37318305069796,0,0,0,0.0,0.0,1116351.5,1116351.5,0.0,0.014865000000000128
2021-01-08,3182.7,47.5562667279874,0,0,0,0.0,0.0,1116351.5,1116351.5,0.0,0.014865000000000128
2021-01-11,3115.75,39.63225606006955,0,0,0,0.0,0.0,1116351.5,1116351.5,0.0,0.014865000000000128
2021-01-12,3120.88,40.476657341312404,0,0,0,0.0,0.0,1116351.5,1116351.5,0.0,0.014865000000000128
2021-01-13,3166.24,47.66821049999381,0,0,0,0.0,0.0,1116351.5,1116351.5,0.0,0.014865000000000128
2021-01-14,3129.32,42.97278435218484,0,0,0,0.0,0.0,1116351.5,1116351.5,0.0,0.014865000000000128
2021-01-15,3104.54,40.03207963744091,0,0,0,0.0,0.0,1116351.5,1116351.5,0.0,0.014865000000000128
2021-01-19,3121.0,42.91521045021346,0,0,0,0.0,0.0,1116351.5,1116351.5,0.0,0.014865000000000128
2021-01-20,3264.73,61.07323953389651,0,0,0,0.0,0.0,1116351.5,1116351.5,0.0,0.014865000000000128
2021-01-21,3307.21,64.75488379825941,0,0,0,0.0,0.0,1116351.5,1116351.5,0.0,0.014865000000000128
2021-01-22,3290.0,62.110570369870075,0,0,0,0.0,0.0,1116351.5,1116351.5,0.0,0.014865000000000128
2021-01-25,3293.1,62.417728308258255,0,0,0,0.0,0.0,1116351.5,1116351.5,0.0,0.014865000000000128
2021-01-26,3326.12,65.7078451282078,0,0,0,0.0,0.0,1116351.5,1116351.5,0.0,0.014865000000000128
2021-01-27,3234.98,51.80031177528509,0,0,0,0.0,0.0,1116351.5,1116351.5,0.0,0.014865000000000128
2021-01-28,3239.7,52.38028789983365,0,0,0,0.0,0.0,1116351.5,1116351.5,0.0,0.014865000000000128
2021-01-29,3206.31,47.854248806284645,0,0,0,0.0,0.0,1116351.5,1116351.5,0.0,0.014865000000000128
2021-02-01,3342.88,62.55745775538749,0,0,0,0.0,0.0,1116351.5,1116351.5,0.0,0.014865000000000128
2021-02-02,3383.23,65.72963637515198,0,0,0,0.0,0.0,1116351.5,1116351.5,0.0,0.014865000000000128
2021-02-03,3311.26,56.28006052768096,0,0,0,0.0,0.0,1116351.5,1116351.5,0.0,0.014865000000000128
2021-02-04,3330.84,58.100911233370674,0,0,0,0.0,0.0,1116351.5,1116351.5,0.0,0.014865000000000128
2021-02-05,3352.49,60.14044069537149,0,0,0,0.0,0.0,1116351.5,1116351.5,0.0,0.014865000000000128
2021-02-08,3323.49,56.07775162364351,0,0,0,0.0,0.0,1116351.5,1116351.5,0.0,0.014865000000000128
2021-02-09,3305.0,53.51661909180648,0,0,0,0.0,0.0,1116351.5,1116351.5,0.0,0.014865000000000128
2021-02-10,3286.59,50.942683663348745,0,0,0,0.0,0.0,1116351.5,1116351.5,0.0,0.014865000000000128
2021-02-11,3261.65,47.50365233893366,0,0,0,0.0,0.0,1116351.5,1116351.5,0.0,0.014865000000000128
2021-02-12,3278.38,50.01854905347243,0,0,0,0.0,0.0,1116351.5,1116351.5,0.0,0.014865000000000128
2021-02-16,3267.05,48.278210706518486,0,0,0,0.0,0.0,1116351.5,1116351.5,0.0,0.014865000000000128
2021-02-17,3307.8,54.59200106381359,0,0,0,0.0,0.0,1116351.5,1116351.5,0.0,0.014865000000000128
2021-02-18,3329.43,57.64159890902753,0,0,0,0.0,0.0,1116351.5,1116351.5,0.0,0.014865000000000128
2021-02-19,3251.0,45.3664183729423,0,0,0,0.0,0.0,1116351.5,1116351.5,0.0,0.014865000000000128
2021-02-22,3182.39,37.586330648728236,0,0,0,0.0,0.0,1116351.5,1116351.5,0.0,0.014865000000000128
2021-02-23,3195.65,39.803184746185735,0,0,0,0.0,0.0,1116351.5,1116351.5,0.0,0.014865000000000128
2021-02-24,3159.53,35.93958474096388,0,0,0,0.0,0.0,1116351.5,1116351.5,0.0,0.014865000000000128
2021-02-25,3057.16,27.52572074998021,1,1,500,500.0,1528580.0,-412228.5,1116351.5,0.0,0.014865000000000128
2021-02-26,3092.349,33.474178626183686,0,1,0,-500.0,0.0,1133946.0,1133946.0,0.015760716942647468,0.03086000000000011
2021-03-01,3146.61,41.67593110222947,0,1,0,0.0,0.0,1133946.0,1133946.0,0.0,0.03086000000000011
2021-03-02,3095.99,36.95351736559977,0,1,0,0.0,0.0,1133946.0,1133946.0,0.0,0.03086000000000011
2021-03-03,3005.01,30.134471858971025,0,1,0,0.0,0.0,1133946.0,1133946.0,0.0,0.03086000000000011
2021-03-04,2977.04,28.34762044561697,0,1,0,0.0,0.0,1133946.0,1133946.0,0.0,0.03086000000000011
2021-03-05,3000.45,32.09226449693861,0,1,0,0.0,0.0,1133946.0,1133946.0,0.0,0.03086000000000011
2021-03-08,2951.951,28.646112148962914,0,1,0,0.0,0.0,1133946.0,1133946.0,0.0,0.03086000000000011
2021-03-09,3062.67,43.921088499667334,0,1,0,0.0,0.0,1133946.0,1133946.0,0.0,0.03086000000000011
2021-03-10,3057.64,43.45154968840094,0,1,0,0.0,0.0,1133946.0,1133946.0,0.0,0.03086000000000011
2021-03-11,3116.48,50.35039446311691,0,1,0,0.0,0.0,1133946.0,1133946.0,0.0,0.03086000000000011
2021-03-12,3091.23,47.582502385572816,0,1,0,0.0,0.0,1133946.0,1133946.0,0.0,0.03086000000000011
2021-03-15,3081.42,46.47950896451046,0,1,0,0.0,0.0,1133946.0,1133946.0,0.0,0.03086000000000011
2021-03-16,3092.42,47.98182708740812,0,1,0,0.0,0.0,1133946.0,1133946.0,0.0,0.03086000000000011
2021-03-17,3135.2,53.608894574504085,0,1,0,0.0,0.0,1133946.0,1133946.0,0.0,0.03086000000000011
2021-03-18,3027.99,41.19905228900538,0,1,0,0.0,0.0,1133946.0,1133946.0,0.0,0.03086000000000011
2021-03-19,3072.99,46.928651468803416,0,1,0,0.0,0.0,1133946.0,1133946.0,0.0,0.03086000000000011
2021-03-22,3111.37,51.414991113854285,0,1,0,0.0,0.0,1133946.0,1133946.0,0.0,0.03086000000000011
2021-03-23,3137.5,54.335146900233184,0,1,0,0.0,0.0,1133946.0,1133946.0,0.0,0.03086000000000011
2021-03-24,3087.17,48.142486515640265,0,1,0,0.0,0.0,1133946.0,1133946.0,0.0,0.03086000000000011
2021-03-25,3046.26,43.64949422706754,0,1,0,0.0,0.0,1133946.0,1133946.0,0.0,0.03086000000000011
2021-03-26,3053.14,44.61535161903026,0,1,0,0.0,0.0,1133946.0,1133946.0,0.0,0.03086000000000011
2021-03-29,3076.76,48.01432543403715,0,1,0,0.0,0.0,1133946.0,1133946.0,0.0,0.03086000000000011
2021-03-30,3054.7,45.13958222517589,0,1,0,0.0,0.0,1133946.0,1133946.0,0.0,0.03086000000000011
2021-03-31,3095.65,51.169671717600515,0,1,0,0.0,0.0,1133946.0,1133946.0,0.0,0.03086000000000011
2021-04-01,3161.55,59.19043364870698,0,1,0,0.0,0.0,1133946.0,1133946.0,0.0,0.03086000000000011
2021-04-05,3225.26,65.3110698766957,-1,0,-500,-500.0,-1612630.0,2746576.0,1133946.0,0.0,0.03086000000000011
2021-04-06,3223.99,65.09483054233641,0,0,0,500.0,0.0,1134581.0,1134581.0,0.0005599913928882039,0.031437272727272925
2021-04-07,3279.39,69.92169200478715,0,0,0,0.0,0.0,1134581.0,1134581.0,0.0,0.031437272727272925
2021-04-08,3299.99,71.54729181285963,0,0,0,0.0,0.0,1134581.0,1134581.0,0.0,0.031437272727272925
2021-04-09,3372.09,76.48880986060371,0,0,0,0.0,0.0,1134581.0,1134581.0,0.0,0.031437272727272925
2021-04-12,3379.39,76.93937026694334,0,0,0,0.0,0.0,1134581.0,1134581.0,0.0,0.031437272727272925
2021-04-13,3400.0,78.24707216012959,0,0,0,0.0,0.0,1134581.0,1134581.0,0.0,0.031437272727272925
2021-04-14,3334.4,65.1760647044368,0,0,0,0.0,0.0,1134581.0,1134581.0,0.0,0.031437272727272925
2021-04-15,3378.89,69.06958760677146,0,0,0,0.0,0.0,1134581.0,1134581.0,0.0,0.031437272727272925
2021-04-16,3399.21,70.73032720987405,0,0,0,0.0,0.0,1134581.0,1134581.0,0.0,0.031437272727272925
2021-04-19,3373.94,65.84516749125774,0,0,0,0.0,0.0,1134581.0,1134581.0,0.0,0.031437272727272925
2021-04-20,3334.68,58.83091713478906,0,0,0,0.0,0.0,1134581.0,1134581.0,0.0,0.031437272727272925
2021-04-21,3361.52,61.91286552789593,0,0,0,0.0,0.0,1134581.0,1134581.0,0.0,0.031437272727272925
2021-04-22,3308.0676,53.114370421507765,0,0,0,0.0,0.0,1134581.0,1134581.0,0.0,0.031437272727272925
2021-04-23,3340.52,57.21590987456631,0,0,0,0.0,0.0,1134581.0,1134581.0,0.0,0.031437272727272925
2021-04-26,3408.96,64.49416872831569,0,0,0,0.0,0.0,1134581.0,1134581.0,0.0,0.031437272727272925
2021-04-27,3417.43,65.30575289241152,0,0,0,0.0,0.0,1134581.0,1134581.0,0.0,0.031437272727272925
2021-04-28,3461.12,69.3244261774318,0,0,0,0.0,0.0,1134581.0,1134581.0,0.0,0.031437272727272925
2021-04-29,3471.31,70.21839617621978,0,0,0,0.0,0.0,1134581.0,1134581.0,0.0,0.031437272727272925
2021-04-30,3470.02,69.93172928717934,0,0,0,0.0,0.0,1134581.0,1134581.0,0.0,0.031437272727272925
2021-05-03,3386.49,54.05466877930062,0,0,0,0.0,0.0,1134581.0,1134581.0,0.0,0.031437272727272925
2021-05-04,3312.65,44.1984642206264,0,0,0,0.0,0.0,1134581.0,1134581.0,0.0,0.031437272727272925
2021-05-05,3271.17,39.68222382963418,0,0,0,0.0,0.0,1134581.0,1134581.0,0.0,0.031437272727272925
2021-05-06,3306.37,44.98287438813574,0,0,0,0.0,0.0,1134581.0,1134581.0,0.0,0.031437272727272925
2021-05-07,3289.7,42.994723066823916,0,0,0,0.0,0.0,1134581.0,1134581.0,0.0,0.031437272727272925
2021-05-10,3190.0,33.23365416888821,0,0,0,0.0,0.0,1134581.0,1134581.0,0.0,0.031437272727272925
2021-05-11,3223.11,38.394525617188734,0,0,0,0.0,0.0,1134581.0,1134581.0,0.0,0.031437272727272925
2021-05-12,3152.62,32.45937889529718,0,0,0,0.0,0.0,1134581.0,1134581.0,0.0,0.031437272727272925
2021-05-13,3162.0,33.9685748845224,0,0,0,0.0,0.0,1134581.0,1134581.0,0.0,0.031437272727272925
2021-05-14,3222.9,43.13495611691825,0,0,0,0.0,0.0,1134581.0,1134581.0,0.0,0.031437272727272925
2021-05-17,3271.79,49.40043491133056,0,0,0,0.0,0.0,1134581.0,1134581.0,0.0,0.031437272727272925
2021-05-18,3232.73,44.999118562506695,0,0,0,0.0,0.0,1134581.0,1134581.0,0.0,0.031437272727272925
2021-05-19,3231.95,44.91033797996445,0,0,0,0.0,0.0,1134581.0,1134581.0,0.0,0.031437272727272925
2021-05-20,3248.54,47.36449340919302,0,0,0,0.0,0.0,1134581.0,1134581.0,0.0,0.031437272727272925
2021-05-21,3202.0,41.58948077777382,0,0,0,0.0,0.0,1134581.0,1134581.0,0.0,0.031437272727272925
2021-05-24,3244.68,48.04436188476887,0,0,0,0.0,0.0,1134581.0,1134581.0,0.0,0.031437272727272925
2021-05-25,3259.05,50.107016455803155,0,0,0,0.0,0.0,1134581.0,1134581.0,0.0,0.031437272727272925
2021-05-26,3265.19,51.02999803900779,0,0,0,0.0,0.0,1134581.0,1134581.0,0.0,0.031437272727272925
2021-05-27,3232.06,45.935382111386865,0,0,0,0.0,0.0,1134581.0,1134581.0,0.0,0.031437272727272925
2021-05-28,3224.68,44.827676033773606,0,0,0,0.0,0.0,1134581.0,1134581.0,0.0,0.031437272727272925
2021-06-01,3218.65,43.86731030677338,0,0,0,0.0,0.0,1134581.0,1134581.0,0.0,0.031437272727272925
2021-06-02,3234.92,47.254969459858586,0,0,0,0.0,0.0,1134581.0,1134581.0,0.0,0.031437272727272925
2021-06-03,3187.94,39.58938075305253,0,0,0,0.0,0.0,1134581.0,1134581.0,0.0,0.031437272727272925
2021-06-04,3206.22,43.54846251712568,0,0,0,0.0,0.0,1134581.0,1134581.0,0.0,0.031437272727272925
2021-06-07,3199.31,42.38186618684479,0,0,0,0.0,0.0,1134581.0,1134581.0,0.0,0.031437272727272925
2021-06-08,3264.14,54.95966980500702,0,0,0,0.0,0.0,1134581.0,1134581.0,0.0,0.031437272727272925
2021-06-09,3281.22,57.66496628287185,0,0,0,0.0,0.0,1134581.0,1134581.0,0.0,0.031437272727272925
2021-06-10,3349.65,66.59642532204866,0,0,0,0.0,0.0,1134581.0,1134581.0,0.0,0.031437272727272925
2021-06-11,3346.83,65.9592509861017,0,0,0,0.0,0.0,1134581.0,1134581.0,0.0,0.031437272727272925
2021-06-14,3384.94,70.23541642067296,0,0,0,0.0,0.0,1134581.0,1134581.0,0.0,0.031437272727272925
2021-06-15,3384.88,70.2199857102907,0,0,0,0.0,0.0,1134581.0,1134581.0,0.0,0.031437272727272925
2021-06-16,3414.78,73.44978297467266,0,0,0,0.0,0.0,1134581.0,1134581.0,0.0,0.031437272727272925
2021-06-17,3489.68,79.6060759340563,0,0,0,0.0,0.0,1134581.0,1134581.0,0.0,0.031437272727272925
2021-06-18,3486.37,78.70991845814021,0,0,0,0.0,0.0,1134581.0,1134581.0,0.0,0.031437272727272925
2021-06-21,3453.96,70.12177052647812,0,0,0,0.0,0.0,1134581.0,1134581.0,0.0,0.031437272727272925
2021-06-22,3505.5,74.95105106920758,0,0,0,0.0,0.0,1134581.0,1134581.0,0.0,0.031437272727272925
2021-06-23,3503.51,74.43490766311773,0,0,0,0.0,0.0,1134581.0,1134581.0,0.0,0.031437272727272925
2021-06-24,3449.08,61.552890916852505,0,0,0,0.0,0.0,1134581.0,1134581.0,0.0,0.031437272727272925
2021-06-25,3404.9,53.24268108403276,0,0,0,0.0,0.0,1134581.0,1134581.0,0.0,0.031437272727272925
2021-06-28,3443.89,58.70909986266202,0,0,0,0.0,0.0,1134581.0,1134581.0,0.0,0.031437272727272925
2021-06-29,3449.48,59.464035408168016,0,0,0,0.0,0.0,1134581.0,1134581.0,0.0,0.031437272727272925
2021-06-30,3440.29,57.542255713267096,0,0,0,0.0,0.0,1134581.0,1134581.0,0.0,0.031437272727272925
2021-07-01,3432.98,55.94430113241278,0,0,0,0.0,0.0,1134581.0,1134581.0,0.0,0.031437272727272925
2021-07-02,3510.99,66.85752146704661,0,0,0,0.0,0.0,1134581.0,1134581.0,0.0,0.031437272727272925
2021-07-06,3675.72,79.03975808243739,0,0,0,0.0,0.0,1134581.0,1134581.0,0.0,0.031437272727272925
2021-07-07,3698.49,80.15980400099718,0,0,0,0.0,0.0,1134581.0,1134581.0,0.0,0.031437272727272925
2021-07-08,3731.42,81.7287033953505,0,0,0,0.0,0.0,1134581.0,1134581.0,0.0,0.031437272727272925
2021-07-09,3717.6802,78.83846627197936,0,0,0,0.0,0.0,1134581.0,1134581.0,0.0,0.031437272727272925
2021-07-12,3718.52,78.8891673482845,0,0,0,0.0,0.0,1134581.0,1134581.0,0.0,0.031437272727272925
2021-07-13,3678.85,70.07688060781449,0,0,0,0.0,0.0,1134581.0,1134581.0,0.0,0.031437272727272925
2021-07-14,3683.61,70.51597736184576,0,0,0,0.0,0.0,1134581.0,1134581.0,0.0,0.031437272727272925
2021-07-15,3632.08,59.93668206917625,0,0,0,0.0,0.0,1134581.0,1134581.0,0.0,0.031437272727272925
2021-07-16,3572.98,50.316850129006404,0,0,0,0.0,0.0,1134581.0,1134581.0,0.0,0.031437272727272925
2021-07-19,3550.0,47.054040446047026,0,0,0,0.0,0.0,1134581.0,1134581.0,0.0,0.031437272727272925
2021-07-20,3572.83,50.590754104272,0,0,0,0.0,0.0,1134581.0,1134581.0,0.0,0.031437272727272925
2021-07-21,3586.33,52.66808875372962,0,0,0,0.0,0.0,1134581.0,1134581.0,0.0,0.031437272727272925
2021-07-22,3638.01,59.848456839209746,0,0,0,0.0,0.0,1134581.0,1134581.0,0.0,0.031437272727272925
2021-07-23,3656.67,62.151929366717326,0,0,0,0.0,0.0,1134581.0,1134581.0,0.0,0.031437272727272925
2021-07-26,3700.0,67.03182215008161,0,0,0,0.0,0.0,1134581.0,1134581.0,0.0,0.031437272727272925
2021-07-27,3628.64,54.23577032194341,0,0,0,0.0,0.0,1134581.0,1134581.0,0.0,0.031437272727272925
2021-07-28,3630.3035,54.46093720097043,0,0,0,0.0,0.0,1134581.0,1134581.0,0.0,0.031437272727272925
2021-07-29,3600.0542,49.53653010616148,0,0,0,0.0,0.0,1134581.0,1134581.0,0.0,0.031437272727272925
2021-07-30,3327.59,26.00422811245501,1,1,500,500.0,1663795.0,-529214.0,1134581.0,0.0,0.031437272727272925
2021-08-02,3331.69,26.587326408143213,0,1,0,-500.0,0.0,1136631.0,1136631.0,0.0018068344172870177,0.033300909090909325
2021-08-03,3366.91,31.722723622057572,0,1,0,0.0,0.0,1136631.0,1136631.0,0.0,0.033300909090909325
2021-08-04,3354.71,30.89103002212694,0,1,0,0.0,0.0,1136631.0,1136631.0,0.0,0.033300909090909325
2021-08-05,3376.1,34.24919781543662,0,1,0,0.0,0.0,1136631.0,1136631.0,0.0,0.033300909090909325
2021-08-06,3344.83,31.743667505805675,0,1,0,0.0,0.0,1136631.0,1136631.0,0.0,0.033300909090909325
2021-08-09,3341.33,31.45746682804831,0,1,0,0.0,0.0,1136631.0,1136631.0,0.0,0.033300909090909325
2021-08-10,3321.32,29.753399741458367,0,1,0,0.0,0.0,1136631.0,1136631.0,0.0,0.033300909090909325
2021-08-11,3292.22,27.35864563767977,0,1,0,0.0,0.0,1136631.0,1136631.0,0.0,0.033300909090909325
2021-08-12,3302.7,29.62520579944227,0,1,0,0.0,0.0,1136631.0,1136631.0,0.0,0.033300909090909325
2021-08-13,3293.96,28.79272592672727,0,1,0,0.0,0.0,1136631.0,1136631.0,0.0,0.033300909090909325
2021-08-16,3299.0,30.05212533163757,0,1,0,0.0,0.0,1136631.0,1136631.0,0.0,0.033300909090909325
2021-08-17,3241.96,24.584415266566523,0,1,0,0.0,0.0,1136631.0,1136631.0,0.0,0.033300909090909325
2021-08-18,3201.21,21.481933483058327,0,1,0,0.0,0.0,1136631.0,1136631.0,0.0,0.033300909090909325
2021-08-19,3186.47,20.44497060725226,0,1,0,0.0,0.0,1136631.0,1136631.0,0.0,0.033300909090909325
2021-08-20,3199.06,23.929866101276218,0,1,0,0.0,0.0,1136631.0,1136631.0,0.0,0.033300909090909325
2021-08-23,3265.97,39.56305032054288,0,1,0,0.0,0.0,1136631.0,1136631.0,0.0,0.033300909090909325
2021-08-24,3306.04,46.833439123620096,0,1,0,0.0,0.0,1136631.0,1136631.0,0.0,0.033300909090909325
2021-08-25,3299.99,45.906977734502036,0,1,0,0.0,0.0,1136631.0,1136631.0,0.0,0.033300909090909325
2021-08-26,3315.47,48.78718030905215,0,1,0,0.0,0.0,1136631.0,1136631.0,0.0,0.033300909090909325
2021-08-27,3349.05,54.61209002333451,0,1,0,0.0,0.0,1136631.0,1136631.0,0.0,0.033300909090909325
2021-08-30,3421.14,64.29825353401361,-1,0,-500,-500.0,-1710570.0,2847201.0,1136631.0,0.0,0.033300909090909325
2021-08-31,3472.49,69.45702064930603,0,0,0,500.0,0.0,1110956.0,1110956.0,-0.022588685334114622,0.009960000000000191
2021-09-01,3479.58,70.11940338372807,0,0,0,0.0,0.0,1110956.0,1110956.0,0.0,0.009960000000000191
2021-09-02,3463.4,66.46449027795032,0,0,0,0.0,0.0,1110956.0,1110956.0,0.0,0.009960000000000191
2021-09-03,3478.77,68.21327927088446,0,0,0,0.0,0.0,1110956.0,1110956.0,0.0,0.009960000000000191
2021-09-07,3509.14,71.47863986037952,0,0,0,0.0,0.0,1110956.0,1110956.0,0.0,0.009960000000000191
2021-09-08,3525.69,73.14880616267584,0,0,0,0.0,0.0,1110956.0,1110956.0,0.0,0.009960000000000191
2021-09-09,3485.3,63.12516807706881,0,0,0,0.0,0.0,1110956.0,1110956.0,0.0,0.009960000000000191
2021-09-10,3470.39,59.76598629155625,0,0,0,0.0,0.0,1110956.0,1110956.0,0.0,0.009960000000000191
2021-09-13,3455.96,56.53106086845156,0,0,0,0.0,0.0,1110956.0,1110956.0,0.0,0.009960000000000191
2021-09-14,3450.055,55.17321786872882,0,0,0,0.0,0.0,1110956.0,1110956.0,0.0,0.009960000000000191
2021-09-15,3475.38,59.7770871369256,0,0,0,0.0,0.0,1110956.0,1110956.0,0.0,0.009960000000000191
