Unnamed: 0,AMZN,RSI,AMZN_rsi_entry_exit,AMZN_rsi_balance
2017-10-16,1006.34,91.00909993043204,0,0
2017-10-17,1008.99,91.49248423017319,0,0
2017-10-18,996.99,72.487325486388,0,0
2017-10-19,986.6,60.72546745326117,0,0
2017-10-20,982.91,57.17707772003361,0,0
2017-10-23,966.34,44.579739280306654,0,0
2017-10-24,976.0,51.31414047141717,0,0
2017-10-25,972.91,49.252446208533385,0,0
2017-10-26,972.54,48.99858364681533,0,0
2017-10-27,1100.99,82.575696433561,0,0
2017-10-30,1110.85,83.47504665165113,0,0
2017-10-31,1105.67,81.10658127941356,0,0
2017-11-01,1103.5,80.08150250849792,0,0
2017-11-02,1094.0,75.57805201925191,0,0
2017-11-03,1111.55,78.03544079639433,0,0
2017-11-06,1120.46,79.18080290615579,0,0
2017-11-07,1123.14,79.52662405916959,0,0
2017-11-08,1132.86,80.77398734173795,0,0
2017-11-09,1129.0,78.72277964139191,0,0
2017-11-10,1125.34,76.7330277985316,0,0
2017-11-13,1129.21,77.38395106256293,0,0
2017-11-14,1136.84,78.65202579313579,0,0
2017-11-15,1127.09,73.01795210863523,0,0
2017-11-16,1136.95,74.97058371047048,0,0
2017-11-17,1129.87,70.99748464823213,0,0
2017-11-20,1126.56,69.15236324241484,0,0
2017-11-21,1139.58,72.21160070759825,0,0
2017-11-22,1156.16,75.53845243607307,0,0
2017-11-24,1186.41,80.19679076212608,0,0
2017-11-27,1195.62,81.36064076284937,0,0
2017-11-28,1193.6,80.24669255479739,0,0
2017-11-29,1161.21,64.90214889251149,0,0
2017-11-30,1176.59,68.02838307430603,0,0
2017-12-01,1161.83,62.29381618954883,0,0
2017-12-04,1133.95,53.175526820627205,0,0
2017-12-05,1141.58,55.1120156219509,0,0
2017-12-06,1152.94,57.903447883742245,0,0
2017-12-07,1160.0,59.585521582870506,0,0
2017-12-08,1161.99,60.0698417831921,0,0
2017-12-11,1169.15,61.84170111295616,0,0
2017-12-12,1165.56,60.39462098871291,0,0
2017-12-13,1164.48,59.94021563207972,0,0
2017-12-14,1175.06,62.886179655461774,0,0
2017-12-15,1178.98,63.94416457431608,0,0
2017-12-18,1190.8,66.99899478920128,0,0
2017-12-19,1187.43,65.3002678079703,0,0
2017-12-20,1177.29,60.342656635237084,0,0
2017-12-21,1174.87,59.1877381367765,0,0
2017-12-22,1168.33,56.06479405488006,0,0
2017-12-26,1176.94,59.12270412635414,0,0
2017-12-27,1181.81,60.78524393771984,0,0
2017-12-28,1185.99,62.2060795813359,0,0
2017-12-29,1169.54,53.92546570682541,0,0
2018-01-02,1189.0,60.60613418175861,0,0
2018-01-03,1202.74,64.51809483013974,0,0
2018-01-04,1209.64,66.32652148434974,0,0
2018-01-05,1229.07,70.83440965080797,0,0
2018-01-08,1246.95,74.25052778254775,0,0
2018-01-09,1253.12,75.32458853025348,0,0
2018-01-10,1254.29,75.53300237927897,0,0
2018-01-11,1276.77,79.17287812099211,0,0
2018-01-12,1305.2,82.68180111367613,0,0
2018-01-16,1305.16,82.66069970391898,0,0
2018-01-17,1295.0,77.26668388234161,0,0
2018-01-18,1293.22,76.32695611478108,0,0
2018-01-19,1294.58,76.56151019984046,0,0
2018-01-22,1327.45,81.36681968631574,0,0
2018-01-23,1363.05,84.96264221081836,0,0
2018-01-24,1357.51,82.30093381258287,0,0
2018-01-25,1377.31,84.2054310694576,0,0
2018-01-26,1401.19,86.14220114751413,0,0
2018-01-29,1417.68,87.3002734524887,0,0
2018-01-30,1438.19,88.57872877500843,0,0
2018-01-31,1451.39,89.32364453886976,0,0
2018-02-01,1388.71,66.98294769701289,0,0
2018-02-02,1429.87,71.94509978135082,0,0
2018-02-05,1390.0,62.19434519845154,0,0
2018-02-06,1442.84,68.3220204072201,0,0
2018-02-07,1415.15,62.5962718597072,0,0
2018-02-08,1350.51,51.70316476426497,0,0
2018-02-09,1339.34,50.081297217930995,0,0
2018-02-12,1386.97,56.36664047811183,0,0
2018-02-13,1413.66,59.44792278734824,0,0
2018-02-14,1451.08,63.35512570854924,0,0
2018-02-15,1461.76,64.4091329224363,0,0
2018-02-16,1448.59,62.03941188044581,0,0
2018-02-20,1468.36,64.17047540468761,0,0
2018-02-21,1482.92,65.69777805378624,0,0
2018-02-22,1484.59,65.87744384568921,0,0
2018-02-23,1500.0,67.56562677394334,0,0
2018-02-26,1521.95,69.85349734711498,0,0
2018-02-27,1512.0,67.52816967149258,0,0
2018-02-28,1512.45,67.58073184661323,0,0
2018-03-01,1492.0,62.620006845526504,0,0
2018-03-02,1500.21,63.769820022893605,0,0
2018-03-05,1523.61,66.89542088771724,0,0
2018-03-06,1537.18,68.58784584363329,0,0
2018-03-07,1544.9,69.54184305710903,0,0
2018-03-08,1551.67,70.39107833878748,0,0
2018-03-09,1578.94,73.58586560275722,0,0
2018-03-12,1598.5,75.61802008107234,0,0
2018-03-13,1588.13,72.4362353329392,0,0
2018-03-14,1591.0,72.77763195430578,0,0
2018-03-15,1582.75,70.09021642964966,0,0
2018-03-16,1571.69,66.54270956820602,0,0
2018-03-19,1545.58,58.95635871692939,0,0
2018-03-20,1586.52,65.58220218657013,0,0
2018-03-21,1582.93,64.59741649174353,0,0
2018-03-22,1544.92,55.15415389692148,0,0
2018-03-23,1495.55,45.79073464515516,0,0
2018-03-26,1555.87,55.68884333932506,0,0
2018-03-27,1497.12,46.737721740752356,0,0
2018-03-28,1429.19,38.943351806891876,0,0
2018-03-29,1445.96,41.53551154708206,0,0
2018-04-02,1371.92,34.559405208264195,0,0
2018-04-03,1392.05,37.62669179728464,0,0
2018-04-04,1410.58,40.39616793770767,0,0
2018-04-05,1451.75,46.1203536627672,0,0
2018-04-06,1405.21,41.29263128699244,0,0
2018-04-09,1405.91,41.39200302414072,0,0
2018-04-10,1436.26,45.684769209577,0,0
2018-04-11,1427.29,44.64398255187323,0,0
2018-04-12,1448.48,47.67654591408053,0,0
2018-04-13,1431.11,45.47720595034105,0,0
2018-04-16,1440.63,46.922382207508974,0,0
2018-04-17,1503.63,55.355676327970215,0,0
2018-04-18,1527.85,58.1111873190924,0,0
2018-04-19,1556.73,61.187400074777166,0,0
2018-04-20,1527.5,56.65263549304075,0,0
2018-04-23,1517.85,55.19817918554571,0,0
2018-04-24,1460.61,47.421212931719104,0,0
2018-04-25,1461.74,47.57823496752963,0,0
2018-04-26,1519.28,54.955098940849126,0,0
2018-04-27,1572.76,60.51647517743099,0,0
2018-04-30,1566.13,59.53514118960162,0,0
2018-05-01,1582.26,61.184276986332186,0,0
2018-05-02,1570.53,59.29183907947219,0,0
2018-05-03,1570.8,59.32302660174952,0,0
2018-05-04,1580.99,60.5513881668453,0,0
2018-05-07,1599.86,62.792144473298535,0,0
2018-05-08,1592.39,61.30754196100315,0,0
2018-05-09,1606.87,63.127415054431786,0,0
2018-05-10,1609.42,63.453415267725916,0,0
2018-05-11,1603.32,62.040347917103446,0,0
2018-05-14,1602.0,61.720043547632585,0,0
2018-05-15,1576.5,55.73375215362434,0,0
2018-05-16,1587.75,57.68375728483413,0,0
2018-05-17,1581.37,56.172495838491,0,0
2018-05-18,1574.5,54.516220469601286,0,0
2018-05-21,1585.66,56.74729577337644,0,0
2018-05-22,1581.39,55.62305105935912,0,0
2018-05-23,1601.86,59.74076224965953,0,0
2018-05-24,1603.48,60.056644226111864,0,0
2018-05-25,1609.62,61.29615816516708,0,0
2018-05-29,1612.88,61.970929293008936,0,0
2018-05-30,1625.87,64.6179744013322,0,0
2018-05-31,1630.14,65.46883854543594,0,0
2018-06-01,1642.91,67.95105141117698,0,0
2018-06-04,1665.4,71.79624345447112,0,0
2018-06-05,1696.48,76.06927703451349,0,0
2018-06-06,1697.78,76.23148731702753,0,0
2018-06-07,1689.27,72.75488044677925,0,0
2018-06-08,1682.52,70.0268774185162,0,0
2018-06-11,1689.62,71.24808300387244,0,0
2018-06-12,1698.73,72.78051565650313,0,0
2018-06-13,1704.81,73.78475759639605,0,0
2018-06-14,1723.75,76.6720816364038,0,0
2018-06-15,1716.26,73.2368363606009,0,0
2018-06-18,1724.83,74.637079472822,0,0
2018-06-19,1736.01,76.37370910588916,0,0
2018-06-20,1750.07,78.37872342779559,0,0
2018-06-21,1730.2,69.41346365675946,0,0
2018-06-22,1715.06,63.45739590144783,0,0
2018-06-25,1663.17,48.19399474313941,0,0
2018-06-26,1691.19,54.55112812919092,0,0
2018-06-27,1660.0,47.55567998302576,0,0
2018-06-28,1701.5,55.69648566354221,0,0
2018-06-29,1699.67,55.28892267926555,0,0
2018-07-02,1713.75,57.84487956335349,0,0
2018-07-03,1694.88,53.436018534708914,0,0
2018-07-05,1699.56,54.36502333398552,0,0
2018-07-06,1711.01,56.64410716991082,0,0
2018-07-09,1739.03,61.68675596204688,0,0
2018-07-10,1743.35,62.41261616488264,0,0
2018-07-11,1755.53,64.45719554662986,0,0
2018-07-12,1796.6,70.31980231607386,0,0
2018-07-13,1813.2,72.30800811935298,0,0
2018-07-16,1822.49,73.38262124696874,0,0
2018-07-17,1844.0,75.7309559487072,0,0
2018-07-18,1842.47,75.22258739004337,0,0
2018-07-19,1813.68,66.21521798247682,0,0
2018-07-20,1813.68,66.21521798247682,0,0
2018-07-23,1802.0,62.68359643989186,0,0
2018-07-24,1829.28,67.09757714433742,0,0
2018-07-25,1863.8,71.66494339257815,0,0
2018-07-26,1805.22,57.163265548498096,0,0
2018-07-27,1817.99,59.105931054872535,0,0
2018-07-30,1779.28,51.48390986798731,0,0
2018-07-31,1777.41,51.14081842908497,0,0
2018-08-01,1797.05,54.56541550125242,0,0
2018-08-02,1834.21,60.24336833479426,0,0
2018-08-03,1822.93,57.87884735828102,0,0
2018-08-06,1847.68,61.45376978846869,0,0
2018-08-07,1862.7,63.479503968860065,0,0
2018-08-08,1886.52,66.48741496924842,0,0
2018-08-09,1898.13,67.87618573721252,0,0
2018-08-10,1886.0,64.85232721833398,0,0
2018-08-13,1895.65,66.14451111180865,0,0
2018-08-14,1919.86,69.20352159865611,0,0
2018-08-15,1882.37,60.14138442665974,0,0
2018-08-16,1887.47,60.89164377914473,0,0
2018-08-17,1882.22,59.646981609101104,0,0
2018-08-20,1877.24,58.426975734918976,0,0
2018-08-21,1883.64,59.57142667651526,0,0
2018-08-22,1905.45,63.28109947556547,0,0
2018-08-23,1902.8,62.53031941734062,0,0
2018-08-24,1905.43,62.99950088861988,0,0
2018-08-27,1927.62,66.77919966477846,0,0
2018-08-28,1933.0,67.64225281456925,0,0
2018-08-29,1998.38,75.85236903582799,0,0
2018-08-30,2002.22,76.23378774361893,0,0
2018-08-31,2013.83,77.396287610322,0,0
2018-09-04,2039.58,79.76087012876556,0,0
2018-09-05,1995.0,66.74330086080975,0,0
2018-09-06,1958.365,58.31972829949256,0,0
2018-09-07,1952.2,57.015648179749725,0,0
2018-09-10,1941.81,54.79196550665458,0,0
2018-09-11,1987.61,61.85444634732019,0,0
2018-09-12,1990.07,62.19605829717901,0,0
2018-09-13,1990.0,62.17899431294156,0,0
2018-09-14,1970.19,57.381029750476536,0,0
2018-09-17,1908.03,45.51340330639542,0,0
2018-09-18,1941.59,51.36218265007572,0,0
2018-09-19,1926.28,48.78919822073627,0,0
2018-09-20,1944.3,51.84681454610668,0,0
2018-09-21,1915.01,46.94087837445888,0,0
2018-09-24,1934.35,50.28591622383019,0,0
2018-09-25,1974.55,56.434039167687644,0,0
2018-09-26,1974.85,56.47729641247099,0,0
2018-09-27,2012.98,61.68462382683134,0,0
2018-09-28,2002.57,59.58843870696883,0,0
2018-10-01,2004.36,59.84114786963834,0,0
2018-10-02,1970.0,52.99096737963537,0,0
2018-10-03,1952.76,49.90417265988387,0,0
2018-10-04,1910.32,43.22844898992006,0,0
2018-10-05,1889.58,40.38528014495614,0,0
2018-10-08,1864.42,37.18975063586889,0,0
2018-10-09,1870.32,38.42025644068782,0,0
2018-10-10,1755.25,27.219852211273803,1,1
2018-10-11,1719.36,24.792209858305327,0,1
2018-10-12,1788.61,36.5508192638487,0,1
2018-10-15,1760.95,34.24757477596462,0,1
2018-10-16,1820.15,42.58651814559524,0,1
2018-10-17,1831.73,44.08046227843324,0,1
2018-10-18,1770.72,38.409733066270064,0,1
2018-10-19,1764.03,37.83496076220056,0,1
2018-10-22,1789.005,41.36267008516442,0,1
2018-10-23,1768.25,39.36353299975557,0,1
2018-10-24,1659.63,30.93646587881473,0,1
2018-10-25,1782.0,45.1761864994513,0,1
2018-10-26,1638.28,35.831843785753065,0,1
2018-10-29,1538.6078,31.037134041201867,0,1
2018-10-30,1530.42,30.674021087506162,0,1
2018-10-31,1599.19,37.30820237907929,0,1
2018-11-01,1665.86,43.00277517698884,0,1
2018-11-02,1665.58,42.98511558014617,0,1
2018-11-05,1627.45,40.54338488582804,0,1
2018-11-06,1642.86,41.97786291677532,0,1
2018-11-07,1757.36,51.366757768613226,0,1
2018-11-08,1754.95,51.17903838677738,0,1
2018-11-09,1712.03,47.82686676246257,0,1
2018-11-12,1636.79,42.56369866668895,0,1
2018-11-13,1631.445,42.20834788920904,0,1
2018-11-14,1600.1,40.094341742073254,0,1
2018-11-15,1620.0,42.07779718152941,0,1
2018-11-16,1593.59,40.17659736282889,0,1
2018-11-19,1512.7,34.96553716226306,0,1
2018-11-20,1495.46,33.954702836754805,0,1
2018-11-21,1516.4,36.36120268850195,0,1
2018-11-23,1502.08,35.41096398730272,0,1
2018-11-26,1581.33,44.11517318679839,0,1
2018-11-27,1582.0,44.18365765796547,0,1
2018-11-28,1677.46,53.0177737089526,0,1
2018-11-29,1672.94,52.59331644315821,0,1
2018-11-30,1691.55,54.21847363744241,0,1
2018-12-03,1772.9,60.58008774124459,-1,0
2018-12-04,1668.64,50.83125287346522,0,0
2018-12-06,1700.0,53.267305440431244,0,0
2018-12-07,1629.11,47.534113072090356,0,0
2018-12-10,1641.2,48.551151706869284,0,0
2018-12-11,1643.4,48.745853745675966,0,0
2018-12-12,1663.13,50.55312274585046,0,0
2018-12-13,1659.74,50.225424056819115,0,0
2018-12-14,1591.92,44.07056508859059,0,0
2018-12-17,1519.75,38.64361482183927,0,0
2018-12-18,1551.11,41.98663728192362,0,0
2018-12-19,1494.83,37.986528070304814,0,0
2018-12-20,1460.83,35.76944258203993,0,0
2018-12-21,1376.73,30.956540549048725,0,0
2018-12-24,1342.91,29.251980091794167,1,1
2018-12-26,1470.81,42.21135670482606,0,1
2018-12-27,1462.0,41.64547238302845,0,1
2018-12-28,1475.18,42.879193133722545,0,1
2018-12-31,1492.38,44.52742518924297,0,1
2019-01-02,1536.73,48.6425002038937,0,1
2019-01-03,1502.07,45.784033733003355,0,1
2019-01-04,1574.54,52.119650650817285,0,1
2019-01-07,1631.12,56.40321716458546,0,1
2019-01-08,1655.835,58.16390241766906,0,1
2019-01-09,1657.59,58.292709709298386,0,1
2019-01-10,1655.5,58.06344041438972,0,1
2019-01-11,1639.66,56.25749098326216,0,1
2019-01-14,1619.8767,53.99850868022886,0,1
2019-01-15,1672.75,58.76423293750462,0,1
2019-01-16,1681.9703,59.55119893985245,0,1
2019-01-17,1691.37,60.38130893039943,-1,0
2019-01-18,1693.2421,60.55493797060656,0,0
2019-01-22,1628.398,52.046667696312994,0,0
2019-01-23,1636.55,52.94183677656311,0,0
2019-01-24,1654.97,54.986578434746946,0,0
2019-01-25,1668.6,56.493023469122114,0,0
2019-01-28,1636.185,52.03311501784215,0,0
2019-01-29,1592.73,46.70941071237755,0,0
2019-01-30,1670.2312,55.4616903621687,0,0
2019-01-31,1720.41,60.03799058650898,0,0
2019-02-01,1623.8,49.49370344459565,0,0
2019-02-04,1630.5,50.14760817554732,0,0
2019-02-05,1656.87,52.74103031861341,0,0
2019-02-06,1639.42,50.85566071619172,0,0
2019-02-07,1611.6058,47.915444697023176,0,0
2019-02-08,1585.7397,45.29292151651269,0,0
2019-02-11,1591.8,46.038131469166736,0,0
2019-02-12,1637.89,51.45419891403277,0,0
2019-02-13,1640.3726,51.735202781086436,0,0
2019-02-14,1623.8774,49.67762178954519,0,0
2019-02-15,1607.5299,47.65480779534806,0,0
2019-02-19,1627.4731,50.31288223790704,0,0
2019-02-20,1622.62,49.65213201049641,0,0
2019-02-21,1619.9,49.26164964776942,0,0
2019-02-22,1631.19,50.98472659386075,0,0
2019-02-25,1633.0,51.27043968375433,0,0
2019-02-26,1636.33,51.82679797538654,0,0
2019-02-27,1641.09,52.658845851309245,0,0
2019-02-28,1639.79,52.392690875922284,0,0
2019-03-01,1671.26,57.935354921456906,0,0
2019-03-04,1696.16,61.731745301625786,0,0
2019-03-05,1691.81,60.701063684927774,0,0
2019-03-06,1669.16,55.504592475672865,0,0
2019-03-07,1626.28,47.25663729327761,0,0
2019-03-08,1622.11,46.53246912063141,0,0
2019-03-11,1670.32,55.09922209375147,0,0
2019-03-12,1672.42,55.43418354458588,0,0
2019-03-13,1690.8,58.36198660236967,0,0
2019-03-14,1685.29,57.14986558634482,0,0
2019-03-15,1712.91,61.46977123032741,0,0
2019-03-18,1742.0,65.42350784024592,0,0
2019-03-19,1762.7,67.94422294093758,0,0
2019-03-20,1797.73,71.70369632644024,0,0
2019-03-21,1818.4,73.66623693587177,0,0
2019-03-22,1764.06,61.57531476084669,0,0
2019-03-25,1774.07,62.78698630797542,0,0
2019-03-26,1784.47,64.05520612138187,0,0
2019-03-27,1766.0,60.135539401823756,0,0
2019-03-28,1773.67,61.19740281110449,0,0
2019-03-29,1781.09,62.24513176850001,0,0
2019-04-01,1814.36,66.59993949115761,0,0
2019-04-02,1814.0,66.5105429117373,0,0
2019-04-03,1820.41,67.35088986177661,0,0
2019-04-04,1819.51,67.09631334347118,0,0
2019-04-05,1837.65,69.59121551899739,0,0
2019-04-08,1849.679,71.15322325330379,0,0
2019-04-09,1836.52,67.09309289677087,0,0
2019-04-10,1847.33,68.67445568658718,0,0
2019-04-11,1844.5,67.75646012009997,0,0
2019-04-12,1842.96,67.22980515953017,0,0
2019-04-15,1844.85,67.56303315012886,0,0
2019-04-16,1862.92,70.6372865970969,0,0
2019-04-17,1864.82,70.94906048984814,0,0
2019-04-18,1861.4,69.51819362514627,0,0
2019-04-22,1888.04,73.92887032428456,0,0
2019-04-23,1924.17,78.4774575106213,0,0
2019-04-24,1900.88,69.99938531508286,0,0
2019-04-25,1902.16,70.18999257350112,0,0
2019-04-26,1950.9,76.35134404200414,0,0
2019-04-29,1939.0,72.41589819419465,0,0
2019-04-30,1926.53,68.43518511174835,0,0
2019-05-01,1911.29,63.81803911776523,0,0
2019-05-02,1901.72,61.03337265539046,0,0
2019-05-03,1961.76,69.90553980815088,0,0
2019-05-06,1950.29,66.7774848664123,0,0
2019-05-07,1922.58,59.814046240329986,0,0
2019-05-08,1916.85,58.45657743436394,0,0
2019-05-09,1900.01,54.53909757293635,0,0
2019-05-10,1889.98,52.29135380020719,0,0
2019-05-13,1822.62,40.28378776794716,0,0
2019-05-14,1840.05,43.87515833229124,0,0
2019-05-15,1871.12,49.68415690256702,0,0
2019-05-16,1907.86,55.543679549196185,0,0
2019-05-17,1867.99,48.88990012015276,0,0
2019-05-20,1858.04,47.364961135748146,0,0
2019-05-21,1858.11,47.377396694082925,0,0
2019-05-22,1859.425,47.62772168235648,0,0
2019-05-23,1815.67,40.69151052747785,0,0
2019-05-24,1823.3,42.27036762431316,0,0
2019-05-28,1836.56,45.01012654811065,0,0
2019-05-29,1820.2,42.34024852921922,0,0
2019-05-30,1815.81,41.62670717533316,0,0
2019-05-31,1775.07,35.626336279614904,0,0
2019-06-03,1692.76,27.12045570147852,1,1
2019-06-04,1730.18,34.74789105561837,0,1
2019-06-05,1739.48,36.52589739618221,0,1
2019-06-06,1754.6292,39.421562002145826,0,1
2019-06-07,1804.02,47.78505268029895,0,1
2019-06-10,1860.63,55.387566188592146,0,1
2019-06-11,1863.7,55.76372463071484,0,1
2019-06-12,1855.3,54.41185739755644,0,1
2019-06-13,1870.748,56.5004084925121,0,1
2019-06-14,1870.17,56.396300497333854,0,1
2019-06-17,1886.0,58.64385535656457,0,1
2019-06-18,1902.15,60.8604152549482,-1,0
2019-06-19,1909.03,61.79972010783198,0,0
2019-06-20,1917.95,63.03824305850625,0,0
2019-06-21,1911.1,61.392126472543005,0,0
2019-06-24,1913.96,61.840172915188475,0,0
2019-06-25,1878.64,53.571755800415445,0,0
2019-06-26,1897.75,56.927411034021084,0,0
2019-06-27,1903.67,57.941542180851364,0,0
2019-06-28,1889.83,54.699098931774685,0,0
2019-07-01,1922.26,60.30464092131351,0,0
2019-07-02,1934.79,62.248368089963925,0,0
2019-07-03,1939.0,62.90560146917322,0,0
2019-07-05,1943.1,63.57075288851792,0,0
2019-07-08,1952.33,65.0884457791595,0,0
2019-07-09,1987.35,70.1668967034966,0,0
2019-07-10,2017.77,73.74028228746572,0,0
2019-07-11,2001.07,68.86371897573224,0,0
2019-07-12,2010.02,70.00843927755557,0,0
2019-07-15,2021.0,71.39774220745032,0,0
2019-07-16,2010.0,67.99931888027781,0,0
2019-07-17,1992.16,62.7801406230452,0,0
2019-07-18,1978.67,59.087036445462395,0,0
2019-07-19,1965.0,55.52268142402765,0,0
2019-07-22,1985.92,59.54468272745721,0,0
2019-07-23,1994.47,61.09320749810249,0,0
2019-07-24,2001.04,62.28776951900543,0,0
2019-07-25,1975.02,55.07555314050602,0,0
2019-07-26,1943.05,47.75849321055415,0,0
2019-07-29,1912.87,42.07560173292728,0,0
2019-07-30,1899.22,39.77056120784567,0,0
2019-07-31,1866.39,34.828521974202076,0,0
2019-08-01,1855.33,33.32608026007914,0,0
2019-08-02,1823.52,29.398053883242184,1,1
2019-08-05,1765.13,23.8427689473516,0,1
2019-08-06,1787.44,29.33721937301894,0,1
2019-08-07,1793.39,30.77171350139527,0,1
2019-08-08,1834.26,39.81033740659706,0,1
2019-08-09,1807.88,36.49794358439849,0,1
2019-08-12,1784.75,33.83934039401001,0,1
2019-08-13,1824.29,41.662443848973616,0,1
2019-08-14,1762.96,34.79074710641129,0,1
2019-08-15,1775.41,37.06022269651008,0,1
2019-08-16,1791.8,40.01972725487202,0,1
2019-08-19,1816.83,44.325183546023496,0,1
2019-08-20,1801.35,42.3027505380809,0,1
2019-08-21,1823.38,46.0737141017838,0,1
2019-08-22,1804.25,43.41989594722086,0,1
2019-08-23,1750.77,37.00311347393202,0,1
2019-08-26,1770.0,40.41309433120218,0,1
2019-08-27,1761.92,39.446904323682794,0,1
2019-08-28,1764.0,39.84560270680417,0,1
2019-08-29,1786.46,44.123848302001186,0,1
2019-08-30,1776.19,42.63082214860883,0,1
2019-09-03,1789.51,45.21984426137328,0,1
2019-09-04,1800.46,47.324403588247,0,1
2019-09-05,1840.73,54.28086122812175,0,1
2019-09-06,1833.51,52.93118211231195,0,1
2019-09-09,1831.29,52.49893238275297,0,1
2019-09-10,1821.31,50.50230692515085,0,1
2019-09-11,1822.49,50.74085130224695,0,1
2019-09-12,1843.0,54.81680721872157,0,1
2019-09-13,1839.34,53.95877272380349,0,1
2019-09-16,1808.23,47.19634022049433,0,1
2019-09-17,1822.62,50.29911645096552,0,1
2019-09-18,1817.59,49.21059517100644,0,1
2019-09-19,1821.54,50.123419140057834,0,1
2019-09-20,1794.89,44.33399248719621,0,1
2019-09-23,1784.29,42.24396096803989,0,1
2019-09-24,1742.34,35.17628341890236,0,1
2019-09-25,1768.08,41.62937326560339,0,1
2019-09-26,1740.12,37.28720254579425,0,1
2019-09-27,1725.85,35.26545025260647,0,1
2019-09-30,1736.12,37.876154220853856,0,1
2019-10-01,1736.11,37.874552513211526,0,1
2019-10-02,1713.23,34.300517912416254,0,1
2019-10-03,1724.25,37.36622116411695,0,1
2019-10-04,1739.4,41.41365968054974,0,1
2019-10-07,1732.5,40.14137291625528,0,1
2019-10-08,1705.25,35.502594854839046,0,1
2019-10-09,1721.79,40.03242135107854,0,1
2019-10-10,1720.56,39.80851336990252,0,1
2019-10-11,1729.98,42.46273628480843,0,1
2019-10-14,1736.5,44.29373378373175,0,1
2019-10-15,1767.35,52.066412812985504,0,1
2019-10-16,1777.42,54.30755822807104,0,1
2019-10-17,1787.47,56.49382081943759,0,1
2019-10-18,1757.79,49.03236881198234,0,1
2019-10-21,1785.835,55.07083918468472,0,1
2019-10-22,1765.34,50.37389712418711,0,1
2019-10-23,1761.99,49.62880682294643,0,1
2019-10-24,1781.5935,53.923718847785466,0,1
2019-10-25,1762.0,49.39076904299258,0,1
2019-10-28,1777.04,52.67909325715687,0,1
2019-10-29,1763.04,49.4577003765923,0,1
2019-10-30,1780.0,53.19199063028109,0,1
2019-10-31,1777.1431,52.48847955267932,0,1
2019-11-01,1791.47,55.655877534981094,0,1
2019-11-04,1805.27,58.52408908377778,0,1
2019-11-05,1801.7,57.48816630113638,0,1
2019-11-06,1795.94,55.772810550592446,0,1
2019-11-07,1788.2,53.46424431275018,0,1
2019-11-08,1785.88,52.75930683839517,0,1
2019-11-11,1771.9,48.60082616625023,0,1
2019-11-12,1778.23,50.50319192980127,0,1
2019-11-13,1753.4,43.67469040056925,0,1
2019-11-14,1754.65,44.08456993092845,0,1
2019-11-15,1739.08,40.16396974192103,0,1
2019-11-18,1752.86,44.8395849429032,0,1
2019-11-19,1753.16,44.94045570961076,0,1
2019-11-20,1746.6335,43.0941651904424,0,1
2019-11-21,1735.0,39.94403006896658,0,1
2019-11-22,1745.85,44.05175369750271,0,1
2019-11-25,1773.69,52.94525255607078,0,1
2019-11-26,1796.99,58.84199150102355,0,1
2019-11-27,1818.23,63.350748586251036,-1,0
2019-11-29,1800.96,57.80581297691429,0,0
2019-12-02,1781.61,52.28394038133681,0,0
2019-12-03,1770.33,49.32590898324071,0,0
2019-12-04,1760.48,46.8341342405034,0,0
2019-12-05,1740.48,42.1753671142336,0,0
2019-12-06,1751.59,45.42314103271875,0,0
2019-12-09,1749.42,44.89277015563773,0,0
2019-12-10,1739.49,42.45015001640576,0,0
2019-12-11,1748.9,45.47761700396411,0,0
2019-12-12,1760.18,48.9448194190743,0,0
2019-12-13,1760.93,49.17624319677493,0,0
2019-12-16,1769.21,51.77516191431725,0,0
2019-12-17,1790.66,57.796051467421165,0,0
2019-12-18,1782.36,54.93782383168554,0,0
2019-12-19,1792.29,57.63705820287243,0,0
2019-12-20,1786.57,55.57207505569434,0,0
2019-12-23,1793.0,57.418922324653536,0,0
2019-12-24,1789.63,56.102602058433824,0,0
2019-12-26,1869.02,72.2450069910789,0,0
2019-12-27,1869.26,72.2781949915178,0,0
2019-12-30,1847.18,64.62231704233874,0,0
2019-12-31,1847.64,64.70619149013916,0,0
2020-01-02,1897.71,72.38162416568568,0,0
2020-01-03,1874.93,65.41180824296583,0,0
2020-01-06,1903.33,69.37155358281635,0,0
2020-01-07,1906.86,69.83382882848488,0,0
2020-01-08,1892.09,65.38693152255958,0,0
2020-01-09,1901.0,66.76195042812711,0,0
2020-01-10,1882.98,61.44551523646985,0,0
2020-01-13,1891.41,62.93261771201161,0,0
2020-01-14,1869.2,56.72472684596207,0,0
2020-01-15,1862.01,54.838815146657325,0,0
2020-01-16,1877.95,58.15994104496489,0,0
2020-01-17,1864.71,54.57022491215152,0,0
2020-01-21,1892.55,60.14114464562276,0,0
2020-01-22,1887.46,58.7232956811977,0,0
2020-01-23,1884.58,57.891658946752486,0,0
2020-01-24,1861.64,51.62071565290609,0,0
2020-01-27,1828.89,44.25111912828277,0,0
2020-01-28,1853.33,49.98909816292014,0,0
2020-01-29,1858.0,51.02635333594565,0,0
2020-01-30,1870.8896,53.87022196894443,0,0
2020-01-31,2007.75,72.2778300042524,0,0
2020-02-03,2003.25,71.2707894625345,0,0
2020-02-04,2049.78,75.12941837053202,0,0
2020-02-05,2039.62,72.8292455291359,0,0
2020-02-06,2050.37,73.7451688437901,0,0
2020-02-07,2079.21,76.07527567702579,0,0
2020-02-10,2134.55,79.78303218320372,0,0
2020-02-11,2152.27,80.8086353809205,0,0
2020-02-12,2161.34,81.33069458844705,0,0
2020-02-13,2151.12,78.73177850258766,0,0
2020-02-14,2135.48,74.79293360162093,0,0
2020-02-18,2155.67,76.43210323103216,0,0
2020-02-19,2170.21,77.5636352710521,0,0
2020-02-20,2153.59,73.23532920810052,0,0
2020-02-21,2095.97,60.60787547235562,0,0
2020-02-24,2008.74,47.30896896070322,0,0
2020-02-25,1970.65,42.88398416402145,0,0
2020-02-26,1979.61,44.206002559262,0,0
2020-02-27,1882.88,34.83249663577837,0,0
2020-02-28,1889.18,35.7874989945668,0,0
2020-03-02,1954.0,44.75763068207006,0,0
2020-03-03,1908.88,40.51495935922959,0,0
2020-03-04,1976.46,48.403967238821366,0,0
2020-03-05,1924.03,43.57555934406806,0,0
2020-03-06,1901.14,41.623417603441176,0,0
2020-03-09,1800.01,34.31017183990407,0,0
2020-03-10,1894.0,44.13449205672915,0,0
2020-03-11,1819.63,39.145762552988245,0,0
2020-03-12,1676.21,31.70335196136925,0,0
2020-03-13,1786.31,40.97998667928542,0,0
2020-03-16,1688.0,36.24581506238911,0,0
2020-03-17,1807.38,44.61332171273995,0,0
2020-03-18,1832.39,46.206213538204274,0,0
2020-03-19,1880.5,49.23094216123071,0,0
2020-03-20,1846.09,47.187261323857214,0,0
2020-03-23,1902.54,50.79587503880348,0,0
2020-03-24,1940.0,53.08667129985494,0,0
2020-03-25,1885.78,49.494798588989156,0,0
2020-03-26,1955.225,53.80589878955541,0,0
2020-03-27,1899.92,50.13556138462,0,0
2020-03-30,1964.78,54.09080307018926,0,0
2020-03-31,1949.79,53.043615254545486,0,0
2020-04-01,1906.58,50.03646526591277,0,0
2020-04-02,1918.83,50.88654365989017,0,0
2020-04-03,1906.6,49.9724069653432,0,0
2020-04-06,1998.49,56.32138118489516,0,0
2020-04-07,2011.6,57.156782505442436,0,0
2020-04-08,2042.9,59.1648871909765,0,0
2020-04-09,2042.82,59.157255116172614,0,0
2020-04-13,2168.01,66.45061269460155,0,0
2020-04-14,2283.31,71.49864814239132,0,0
2020-04-15,2309.27,72.50187900814993,0,0
2020-04-16,2408.19,75.97250646100962,0,0
2020-04-17,2372.87,72.45608351656975,0,0
2020-04-20,2393.08,73.21989678590546,0,0
2020-04-21,2329.36,66.9189639340928,0,0
2020-04-22,2366.54,68.61604175633713,0,0
2020-04-23,2399.44,70.07880097583119,0,0
2020-04-24,2410.0,70.55321306177346,0,0
2020-04-27,2376.82,66.96073511187107,0,0
2020-04-28,2314.08,60.66996421051933,0,0
2020-04-29,2371.88,64.02327135604243,0,0
2020-04-30,2471.5,68.93880365392393,0,0
2020-05-01,2285.94,54.10885259127942,0,0
2020-05-04,2315.99,55.76826652076887,0,0
2020-05-05,2317.64,55.86264137756278,0,0
2020-05-06,2350.97,57.8204073661508,0,0
2020-05-07,2367.61,58.80288779068069,0,0
2020-05-08,2379.5,59.5283021779943,0,0
2020-05-11,2406.9375,61.225052630714046,0,0
2020-05-12,2357.505,56.6194651757114,0,0
2020-05-13,2366.17,57.22685529498556,0,0
2020-05-14,2391.37,59.023746273101274,0,0
2020-05-15,2410.41,60.37811454713528,0,0
2020-05-18,2426.38,61.5267598486537,0,0
2020-05-19,2448.59,63.127715050176164,0,0
2020-05-20,2497.35,66.43039485526577,0,0
2020-05-21,2448.01,60.522863708736566,0,0
2020-05-22,2436.89,59.24414520590489,0,0
2020-05-26,2423.7,57.687247811309035,0,0
2020-05-27,2409.51,55.98277049982067,0,0
2020-05-28,2401.05,54.94050890850563,0,0
2020-05-29,2436.53,58.43547598901941,0,0
2020-06-01,2470.12,61.48152552430176,0,0
2020-06-02,2473.3,61.76718734405741,0,0
2020-06-03,2478.4,62.250713098728994,0,0
2020-06-04,2460.6,59.425875649292905,0,0
2020-06-05,2481.415,61.61920664143029,0,0
2020-06-08,2522.8,65.60078098932647,0,0
2020-06-09,2603.39,71.747235956785,0,0
2020-06-10,2648.16,74.47571333288514,0,0
2020-06-11,2558.47,61.63403888871428,0,0
2020-06-12,2566.705,62.2771932889562,0,0
2020-06-15,2572.62,62.76008930528709,0,0
2020-06-16,2615.13,66.11708954162907,0,0
2020-06-17,2641.72,68.05678387319554,0,0
2020-06-18,2655.0,69.01095272276949,0,0
2020-06-19,2671.86,70.22690022709554,0,0
2020-06-22,2712.0,72.94837572818929,0,0
2020-06-23,2764.42,76.0298305973893,0,0
2020-06-24,2733.49,70.89809119399575,0,0
2020-06-25,2756.16,72.37011853527888,0,0
2020-06-26,2692.87,62.8171014766219,0,0
2020-06-29,2681.52,61.25549440143171,0,0
2020-06-30,2756.09,67.05097444712914,0,0
2020-07-01,2879.2,73.9727995284754,0,0
2020-07-02,2887.56,74.36660505227746,0,0
2020-07-06,3057.16,80.73497381982726,0,0
2020-07-07,3000.12,74.06993912043791,0,0
2020-07-08,3081.88,77.00082562568814,0,0
2020-07-09,3183.81,80.03118165605662,0,0
2020-07-10,3203.36,80.56023781970735,0,0
2020-07-13,3101.55,70.13862323251846,0,0
2020-07-14,3084.02,68.49556526955415,0,0
2020-07-15,3008.87,61.810722179203225,0,0
2020-07-16,2994.55,60.5971114624193,0,0
2020-07-17,2961.47,57.77507098268908,0,0
2020-07-20,3195.01,68.81633755561717,0,0
2020-07-21,3141.43,64.64016404929265,0,0
2020-07-22,3100.23,61.54720273564698,0,0
2020-07-23,2987.725,53.95507310731659,0,0
2020-07-24,3008.92,55.079285152867804,0,0
2020-07-27,3053.89,57.45290160858079,0,0
2020-07-28,2999.62,53.760978340796136,0,0
2020-07-29,3034.27,55.717570201102966,0,0
2020-07-30,3052.65,56.76271619647536,0,0
2020-07-31,3164.68,62.56266264013991,0,0
2020-08-03,3111.42,58.5421125278967,0,0
2020-08-04,3138.82,59.96744965666705,0,0
2020-08-05,3205.83,63.29138219309937,0,0
2020-08-06,3224.35,64.17668285283983,0,0
2020-08-07,3165.75,59.30317139273606,0,0
2020-08-10,3149.87,58.01740928310196,0,0
2020-08-11,3080.67,52.65945118805158,0,0
2020-08-12,3161.0,57.55927163106034,0,0
2020-08-13,3161.02,57.56044938499999,0,0
2020-08-14,3148.0,56.461966216701356,0,0
2020-08-17,3181.16,58.627520153084276,0,0
2020-08-18,3312.49,65.86839456767457,0,0
2020-08-19,3260.15,61.26629966494634,0,0
2020-08-20,3296.05,63.167197058020754,0,0
2020-08-21,3284.59,62.11917548645437,0,0
2020-08-24,3307.45,63.42283723359097,0,0
2020-08-25,3346.05,65.57705350952062,0,0
2020-08-26,3442.06,70.26759681293262,0,0
2020-08-27,3400.7,66.08970069830254,0,0
2020-08-28,3401.8,66.14734973425325,0,0
2020-08-31,3441.91,68.26586570154049,0,0
2020-09-01,3500.47,71.10862666328099,0,0
2020-09-02,3529.34,72.42032287511907,0,0
2020-09-03,3369.17,56.96740238850982,0,0
2020-09-04,3294.62,51.463158076461276,0,0
2020-09-08,3149.84,42.81186473632777,0,0
2020-09-09,3268.27,50.188407601468136,0,0
2020-09-10,3176.12,45.29292413416493,0,0
2020-09-11,3117.28,42.4459075098915,0,0
2020-09-14,3102.97,41.758434729461584,0,0
2020-09-15,3153.28,45.12358733959599,0,0
2020-09-16,3077.14,41.23999555005917,0,0
2020-09-17,3010.56,38.148141783641016,0,0
2020-09-18,2952.64,35.64455323282931,0,0
2020-09-21,2962.0,36.37128591924242,0,0
2020-09-22,3129.0,47.71578409355791,0,0
2020-09-23,2997.44,41.44657358103677,0,0
2020-09-24,3018.58,42.748256795469196,0,0
2020-09-25,3094.65,47.289196579283704,0,0
2020-09-28,3175.04,51.653319593451755,0,0
2020-09-29,3142.92,49.876467705362344,0,0
2020-09-30,3147.425,50.13555607194235,0,0
2020-10-01,3222.01,54.343325215160824,0,0
2020-10-02,3125.93,48.64831026947512,0,0
2020-10-05,3199.2,52.71766418842427,0,0
2020-10-06,3099.29,47.222426586287284,0,0
2020-10-07,3192.51,52.22627603630724,0,0
2020-10-08,3190.55,52.11439816383216,0,0
2020-10-09,3287.82,57.03356943066308,0,0
2020-10-12,3442.93,63.47677108603484,0,0
2020-10-13,3442.64,63.45761092968481,0,0
2020-10-14,3363.05,58.260042576835836,0,0
2020-10-15,3338.62,56.72424195791034,0,0
2020-10-16,3160.0,46.97404662108885,0,0
2020-10-19,3207.3,49.45184336185046,0,0
2020-10-20,3216.26,49.92914589974076,0,0
2020-10-21,3183.6,48.144595502481316,0,0
2020-10-22,3177.4,47.795358225135445,0,0
2020-10-23,3204.64,49.52767171698707,0,0
2020-10-26,3207.32,49.70450289776088,0,0
2020-10-27,3287.92,54.83004809014483,0,0
2020-10-28,3162.49,46.83167407269681,0,0
2020-10-29,3212.79,49.98271771606102,0,0
2020-10-30,3036.13,40.8302467287108,0,0
2020-11-02,3004.48,39.4369550555195,0,0
2020-11-03,3046.25,42.23835450149214,0,0
2020-11-04,3241.16,53.13250575250769,0,0
2020-11-05,3322.0,56.773970082895275,0,0
2020-11-06,3310.41,56.10096786751129,0,0
2020-11-09,3141.34,47.293749301627834,0,0
2020-11-10,3035.18,42.75501722734736,0,0
2020-11-11,3136.81,47.90895932069445,0,0
2020-11-12,3110.2,46.7228117903819,0,0
2020-11-13,3134.09,47.96831771578143,0,0
2020-11-16,3132.99,47.91277628577249,0,0
2020-11-17,3135.66,48.06995167908355,0,0
2020-11-18,3105.1,46.34612519659645,0,0
2020-11-19,3114.41,46.970035579321944,0,0
2020-11-20,3099.205,46.028643108210424,0,0
2020-11-23,3100.18,46.10323907929001,0,0
2020-11-24,3116.86,47.4415910984319,0,0
2020-11-25,3184.82,52.605490068654106,0,0
2020-11-27,3195.95,53.412778656353176,0,0
2020-11-30,3168.03,51.06307716843316,0,0
2020-12-01,3220.08,55.03442288619607,0,0
2020-12-02,3203.75,53.565706271376094,0,0
2020-12-03,3188.66,52.179924712365214,0,0
2020-12-04,3163.49,49.86272936190832,0,0
2020-12-07,3158.77,49.41952782437163,0,0
2020-12-08,3176.64,51.18847484578266,0,0
2020-12-09,3101.35,44.17816730687035,0,0
2020-12-10,3100.07,44.06767237751894,0,0
2020-12-11,3116.41,45.92694190154741,0,0
2020-12-14,3156.97,50.3397863501631,0,0
2020-12-15,3166.45,51.339350480986,0,0
2020-12-16,3240.96,58.422847721354536,0,0
2020-12-17,3237.015,57.94191997142762,0,0
2020-12-18,3201.07,53.61148874274588,0,0
2020-12-21,3205.74,54.09154705931141,0,0
2020-12-22,3206.52,54.176843512031674,0,0
2020-12-23,3186.73,51.559372902459316,0,0
2020-12-24,3171.16,49.53178542555899,0,0
2020-12-28,3283.96,61.38076207622947,0,0
2020-12-29,3320.71,64.31991204444675,0,0
2020-12-30,3285.85,59.680080931350844,0,0
2020-12-31,3256.41,56.0057008865004,0,0
2021-01-04,3186.65,48.401299354512275,0,0
2021-01-05,3218.51,51.63142962821751,0,0
2021-01-06,3138.01,44.11661536649501,0,0
2021-01-07,3161.41,46.551853361848984,0,0
2021-01-08,3182.7,48.74050924606159,0,0
2021-01-11,3115.75,42.80450844067551,0,0
2021-01-12,3120.88,43.373589834164626,0,0
2021-01-13,3166.24,48.274303212849595,0,0
2021-01-14,3129.32,44.87042665587423,0,0
2021-01-15,3104.54,42.6944534691875,0,0
2021-01-19,3121.0,44.6157433001392,0,0
2021-01-20,3264.73,57.89170893656033,0,0
2021-01-21,3307.21,60.87666167510048,0,0
2021-01-22,3290.0,59.05035624397676,0,0
2021-01-25,3293.1,59.28728520587505,0,0
2021-01-26,3326.12,61.82119096621853,0,0
2021-01-27,3234.98,52.169681893808466,0,0
2021-01-28,3239.7,52.582552236823524,0,0
2021-01-29,3206.31,49.33802598804449,0,0
2021-02-01,3342.88,60.164822227846,0,0
2021-02-02,3383.23,62.70104519362877,0,0
2021-02-03,3311.26,55.868530609448676,0,0
2021-02-04,3330.84,57.23390347279527,0,0
2021-02-05,3352.49,58.75347160410059,0,0
2021-02-08,3323.49,55.888829569810575,0,0
2021-02-09,3305.0,54.078389419012666,0,0
2021-02-10,3286.59,52.26305956841648,0,0
2021-02-11,3261.65,49.823061114123185,0,0
2021-02-12,3278.38,51.46016847261994,0,0
2021-02-16,3267.05,50.264117437636266,0,0
2021-02-17,3307.8,54.371777059712905,0,0
2021-02-18,3329.43,56.42879364890394,0,0
2021-02-19,3251.0,47.98198213981159,0,0
2021-02-22,3182.39,42.05181816002793,0,0
2021-02-23,3195.65,43.505063146877625,0,0
2021-02-24,3159.53,40.523814246922306,0,0
2021-02-25,3057.16,33.514162406989584,0,0
2021-02-26,3092.349,37.51525878315137,0,0
2021-03-01,3146.61,43.19230687384203,0,0
2021-03-02,3095.99,39.57955194597069,0,0
2021-03-03,3005.01,34.06457663198739,0,0
2021-03-04,2977.04,32.56240224283009,0,0
2021-03-05,3000.45,35.14041552378845,0,0
2021-03-08,2951.951,32.37881964967811,0,0
2021-03-09,3062.67,43.32830039298135,0,0
2021-03-10,3057.64,42.98774640614735,0,0
2021-03-11,3116.48,48.124255057567936,0,0
2021-03-12,3091.23,46.200627067965286,0,0
2021-03-15,3081.42,45.44066131926439,0,0
2021-03-16,3092.42,46.50329012209752,0,0
2021-03-17,3135.2,50.53803973433673,0,0
2021-03-18,3027.99,41.99084941536589,0,0
2021-03-19,3072.99,46.11059389497663,0,0
2021-03-22,3111.37,49.41056932383308,0,0
2021-03-23,3137.5,51.58433311210106,0,0
2021-03-24,3087.17,47.362872015469236,0,0
2021-03-25,3046.26,44.19678475839093,0,0
2021-03-26,3053.14,44.864300301594696,0,0
2021-03-29,3076.76,47.19946039130502,0,0
2021-03-30,3054.7,45.27098538359302,0,0
2021-03-31,3095.65,49.40364198602946,0,0
2021-04-01,3161.55,55.25876293340852,0,0
2021-04-05,3225.26,60.06966425884391,0,0
2021-04-06,3223.99,59.93132255429725,0,0
2021-04-07,3279.39,63.84314628641297,0,0
2021-04-08,3299.99,65.20350037527695,0,0
2021-04-09,3372.09,69.52520302955429,0,0
2021-04-12,3379.39,69.93238689135649,0,0
2021-04-13,3400.0,71.1061876841537,0,0
2021-04-14,3334.4,62.714080275398906,0,0
2021-04-15,3378.89,65.67305993842675,0,0
2021-04-16,3399.21,66.9626403636687,0,0
2021-04-19,3373.94,63.75494274077408,0,0
2021-04-20,3334.68,59.024287058834744,0,0
2021-04-21,3361.52,61.1468038263875,0,0
2021-04-22,3308.0676,55.032928016916514,0,0
2021-04-23,3340.52,57.792231906984824,0,0
2021-04-26,3408.96,62.95499759328389,0,0
2021-04-27,3417.43,63.54922797307072,0,0
2021-04-28,3461.12,66.53148445860305,0,0
2021-04-29,3471.31,67.20541816949239,0,0
2021-04-30,3470.02,67.02142800093722,0,0
2021-05-03,3386.49,56.27751056596414,0,0
2021-05-04,3312.65,48.82615331760371,0,0
2021-05-05,3271.17,45.205217601019676,0,0
2021-05-06,3306.37,48.683118178872554,0,0
2021-05-07,3289.7,47.15661334597126,0,0
2021-05-10,3190.0,39.23311715697327,0,0
2021-05-11,3223.11,42.67777425848648,0,0
2021-05-12,3152.62,37.76905524961953,0,0
2021-05-13,3162.0,38.778152111565745,0,0
2021-05-14,3222.9,45.0124811879737,0,0
2021-05-17,3271.79,49.46177138048406,0,0
2021-05-18,3232.73,46.24245003062848,0,0
2021-05-19,3231.95,46.1778139400831,0,0
2021-05-20,3248.54,47.847541060614226,0,0
2021-05-21,3202.0,43.74738020676259,0,0
2021-05-24,3244.68,48.136578024807704,0,0
2021-05-25,3259.05,49.56351328353458,0,0
2021-05-26,3265.19,50.194064673808064,0,0
2021-05-27,3232.06,46.7946101036747,0,0
2021-05-28,3224.68,46.04648713462147,0,0
2021-06-01,3218.65,45.40770560865843,0,0
2021-06-02,3234.92,47.52304190137043,0,0
2021-06-03,3187.94,42.41265610365931,0,0
2021-06-04,3206.22,44.895691305652576,0,0
2021-06-07,3199.31,44.12124707794399,0,0
2021-06-08,3264.14,52.41479057094462,0,0
2021-06-09,3281.22,54.33765285439246,0,0
2021-06-10,3349.65,61.116886285441474,0,0
2021-06-11,3346.83,60.71683219669462,0,0
2021-06-14,3384.94,64.13363116572887,0,0
2021-06-15,3384.88,64.12417463804151,0,0
2021-06-16,3414.78,66.75491471729148,0,0
2021-06-17,3489.68,72.24535349412183,0,0
2021-06-18,3486.37,71.68194905226267,0,0
2021-06-21,3453.96,66.23522836469776,0,0
2021-06-22,3505.5,70.12309193581652,0,0
2021-06-23,3503.51,69.78895289024791,0,0
2021-06-24,3449.08,61.19917941798779,0,0
2021-06-25,3404.9,55.254422099220015,0,0
2021-06-28,3443.89,59.036239506335356,0,0
2021-06-29,3449.48,59.56391004276931,0,0
2021-06-30,3440.29,58.23577787784903,0,0
2021-07-01,3432.98,57.14429352935036,0,0
2021-07-02,3510.99,64.73941507418698,0,0
2021-07-06,3675.72,74.86819033995496,0,0
2021-07-07,3698.49,75.89877017948704,0,0
2021-07-08,3731.42,77.34561996961182,0,0
2021-07-09,3717.6802,75.3140416954943,0,0
2021-07-12,3718.52,75.35664838106678,0,0
2021-07-13,3678.85,69.2743047908421,0,0
2021-07-14,3683.61,69.59146182935045,0,0
2021-07-15,3632.08,62.11636931076908,0,0
2021-07-16,3572.98,54.84066046821049,0,0
2021-07-19,3550.0,52.27662506842614,0,0
2021-07-20,3572.83,54.55012329749861,0,0
2021-07-21,3586.33,55.88834887356636,0,0
2021-07-22,3638.01,60.66329048163675,0,0
2021-07-23,3656.67,62.25213346254414,0,0
2021-07-26,3700.0,65.71509475697042,0,0
2021-07-27,3628.64,56.51905292497708,0,0
2021-07-28,3630.3035,56.67127036123222,0,0
2021-07-29,3600.0542,53.035399419735946,0,0
2021-07-30,3327.59,32.690779271754636,0,0
2021-08-02,3331.69,33.10661900340037,0,0
2021-08-03,3366.91,36.7231047636021,0,0
2021-08-04,3354.71,35.99712159860644,0,0
2021-08-05,3376.1,38.30018890301177,0,0
2021-08-06,3344.83,36.24676704504224,0,0
2021-08-09,3341.33,36.01402557144474,0,0
2021-08-10,3321.32,34.644401762162715,0,0
2021-08-11,3292.22,32.696946841707344,0,0
2021-08-12,3302.7,34.13295045979362,0,0
2021-08-13,3293.96,33.49117082504678,0,0
2021-08-16,3299.0,34.25880356984456,0,0
2021-08-17,3241.96,30.03387626719919,0,0
2021-08-18,3201.21,27.431175462516975,1,1
2021-08-19,3186.47,26.53541219145235,0,1
2021-08-20,3199.06,28.677744473216563,0,1
2021-08-23,3265.97,38.878911307314645,0,1
2021-08-24,3306.04,44.04080695115121,0,1
2021-08-25,3299.99,43.44422391773134,0,1
2021-08-26,3315.47,45.47928494947631,0,1
2021-08-27,3349.05,49.70697059145033,0,1
2021-08-30,3421.14,57.3525921934693,0,1
2021-08-31,3472.49,61.806530720787954,-1,0
2021-09-01,3479.58,62.39056569008637,0,0
2021-09-02,3463.4,60.13079859954907,0,0
2021-09-03,3478.77,61.55529489391764,0,0
2021-09-07,3509.14,64.27168377781977,0,0
2021-09-08,3525.69,65.69421139718006,0,0
2021-09-09,3485.3,59.47100799761752,0,0
2021-09-10,3470.39,57.31263862755577,0,0
2021-09-13,3455.96,55.22372937879571,0,0
2021-09-14,3450.055,54.35073223472309,0,0
2021-09-15,3475.38,57.45693699671563,0,0
