Timestamp,AMZN,SMA,stddev,Upper,Lower,AMZN_bollinger_signal,AMZN_balance
2017-10-23,966.34,979.21,20.798971381448553,1020.8079427628971,937.6120572371029,0,0
2017-10-24,976.0,981.0805,18.509871185823773,1018.1002423716476,944.0607576283525,0,0
2017-10-25,972.91,982.182,17.229277591233732,1016.6405551824674,947.7234448175326,0,0
2017-10-26,972.54,982.9890000000001,16.311674508251965,1015.612349016504,950.3656509834963,0,0
2017-10-27,1100.99,990.0139999999999,30.33702122559337,1050.6880424511867,929.3399575488131,0,0
2017-10-30,1110.85,997.617,39.707251637850405,1077.0315032757007,918.2024967242992,0,0
2017-10-31,1105.67,1005.0475,45.23795842978251,1095.523416859565,914.571583140435,0,0
2017-11-01,1103.5,1011.949,49.234608591496766,1110.4182171829934,913.4797828170065,0,0
2017-11-02,1094.0,1017.592,51.912471942278835,1121.4169438845577,913.7670561154423,0,0
2017-11-03,1111.55,1023.6940000000001,55.48731912029889,1134.6686382405978,912.7193617594023,0,0
2017-11-06,1120.46,1030.1675,58.91742311110207,1148.002346222204,912.3326537777959,0,0
2017-11-07,1123.14,1036.9645,61.484995043720296,1159.9344900874407,913.9945099125595,0,0
2017-11-08,1132.86,1043.8575,64.20048629714158,1172.2584725942831,915.4565274057169,0,0
2017-11-09,1129.0,1050.2540000000001,66.0591908741498,1182.3723817482996,918.1356182517005,0,0
2017-11-10,1125.34,1056.349,67.1274881259924,1190.6039762519847,922.0940237480152,0,0
2017-11-13,1129.21,1062.4925,67.92754149401432,1198.3475829880288,926.6374170119714,0,0
2017-11-14,1136.84,1068.885,68.63964601644692,1206.1642920328939,931.6057079671061,0,0
2017-11-15,1127.09,1075.39,67.62483567447669,1210.6396713489535,940.1403286510467,0,0
2017-11-16,1136.95,1082.9074999999998,65.56032295567647,1214.0281459113528,951.7868540886468,0,0
2017-11-17,1129.87,1090.2555,61.89595569434039,1214.0474113886808,966.4635886113192,0,0
2017-11-20,1126.56,1098.2665,54.997856635269265,1208.2622132705385,988.2707867294614,0,0
2017-11-21,1139.58,1106.4455,47.511941930977386,1201.4693838619548,1011.4216161380452,0,0
2017-11-22,1156.16,1115.608,36.88608461052294,1189.380169221046,1041.835830778954,0,0
2017-11-24,1186.41,1126.3015,20.658289090769248,1167.6180781815385,1084.9849218184615,0,0
2017-11-27,1195.62,1131.033,24.94749625661012,1180.92799251322,1081.1380074867798,0,0
2017-11-28,1193.6,1135.1704999999997,28.08827409866954,1191.3470481973388,1078.9939518026606,0,0
2017-11-29,1161.21,1137.9475,27.761780974833332,1193.4710619496666,1082.4239380503334,0,0
2017-11-30,1176.59,1141.602,27.79920324492245,1197.200406489845,1086.0035935101553,0,0
2017-12-01,1161.83,1144.9935,25.748065287560948,1196.489630575122,1093.4973694248781,0,0
2017-12-04,1133.95,1146.1135,24.681868110435246,1195.4772362208705,1096.7497637791294,0,0
2017-12-05,1141.58,1147.1695,23.968011022366607,1195.105522044733,1099.2334779552668,0,0
2017-12-06,1152.94,1148.6595,23.312889246077233,1195.2852784921545,1102.0337215078455,0,0
2017-12-07,1160.0,1150.0165000000002,23.13402490181412,1196.2845498036284,1103.748450196372,0,0
2017-12-08,1161.99,1151.666,22.729222414741887,1197.1244448294838,1106.2075551705161,0,0
2017-12-11,1169.15,1153.8565,22.162556919506834,1198.1816138390138,1109.5313861609864,0,0
2017-12-12,1165.56,1155.674,21.5160349996256,1198.7060699992512,1112.6419300007487,0,0
2017-12-13,1164.48,1157.056,21.126789030439294,1199.3095780608787,1114.8024219391214,0,0
2017-12-14,1175.06,1159.4544999999998,20.250548913933965,1199.9555978278677,1118.953402172132,0,0
2017-12-15,1178.98,1161.556,19.971132429738535,1201.498264859477,1121.613735140523,0,0
2017-12-18,1190.8,1164.6025,19.525505822677435,1203.653511645355,1125.551488354645,0,0
2017-12-19,1187.43,1167.6460000000002,17.965269535231265,1203.5765390704628,1131.7154609295376,0,0
2017-12-20,1177.29,1169.5314999999998,16.80612584900076,1203.1437516980013,1135.9192483019983,0,0
2017-12-21,1174.87,1170.467,16.541289359781743,1203.5495787195637,1137.3844212804365,0,0
2017-12-22,1168.33,1169.5629999999999,16.112620127348656,1201.7882402546973,1137.3377597453025,0,0
2017-12-26,1176.94,1168.6290000000001,15.027553255334931,1198.68410651067,1138.5738934893302,0,0
2017-12-27,1181.81,1168.0395,14.205183440518152,1196.4498668810363,1139.6291331189639,0,0
2017-12-28,1185.99,1169.2785,14.651806885153146,1198.5821137703063,1139.9748862296935,0,0
2017-12-29,1169.54,1168.926,14.55110536585599,1198.0282107317119,1139.823789268288,0,0
2018-01-02,1189.0,1170.2845000000002,15.111272360997258,1200.5070447219948,1140.0619552780056,0,0
2018-01-03,1202.74,1173.724,14.207523729564091,1202.139047459128,1145.3089525408718,0,0
2018-01-04,1209.64,1177.127,14.253965320858054,1205.634930641716,1148.619069358284,0,0
2018-01-05,1229.07,1180.9334999999999,17.2955888124173,1215.5246776248346,1146.3423223751652,0,0
2018-01-08,1246.95,1185.281,22.035333085985076,1229.35166617197,1141.21033382803,0,0
2018-01-09,1253.12,1189.8375,26.026289922019863,1241.8900798440397,1137.7849201559604,0,0
2018-01-10,1254.29,1194.0945,29.23021030498143,1252.554920609963,1135.634079390037,0,0
2018-01-11,1276.77,1199.655,33.745437196437244,1267.1458743928745,1132.1641256071255,0,0
2018-01-12,1305.2,1206.691,40.09770736325453,1286.886414726509,1126.495585273491,0,0
2018-01-16,1305.16,1213.1960000000001,44.95495984578949,1303.1059196915792,1123.286080308421,0,0
2018-01-17,1295.0,1218.9969999999998,47.70862639639989,1314.4142527927997,1123.5797472072,0,0
2018-01-18,1293.22,1224.118,49.96611363292744,1324.0502272658548,1124.185772734145,0,0
2018-01-19,1294.58,1229.4755,51.5448020223763,1332.5651040447526,1126.3858959552474,0,0
2018-01-22,1327.45,1236.9835,54.40043568662262,1345.7843713732452,1128.1826286267549,0,0
2018-01-23,1363.05,1246.3925,59.15760865553726,1364.7077173110745,1128.0772826889254,0,0
2018-01-24,1357.51,1255.8515,61.11108171320037,1378.0736634264008,1133.6293365735992,0,0
2018-01-25,1377.31,1265.87,63.8561118535427,1393.5822237070852,1138.1577762929146,0,0
2018-01-26,1401.19,1276.839,67.40041268809715,1411.6398253761943,1142.0381746238056,0,0
2018-01-29,1417.68,1288.4234999999999,70.78958095168558,1430.002661903371,1146.8443380966287,0,0
2018-01-30,1438.19,1301.8560000000002,72.51141742402724,1446.8788348480548,1156.8331651519456,0,0
2018-01-31,1451.39,1314.9755,74.72113852077928,1464.4177770415586,1165.5332229584415,0,0
2018-02-01,1388.71,1324.274,71.52196912395362,1467.317938247907,1181.2300617520928,0,0
2018-02-02,1429.87,1335.2855,69.87844630235351,1475.042392604707,1195.528607395293,0,0
2018-02-05,1390.0,1343.3319999999999,66.171216798778,1475.674433597556,1210.9895664024439,0,0
2018-02-06,1442.84,1353.1264999999999,65.64965877771833,1484.4258175554364,1221.8271824445633,0,0
2018-02-07,1415.15,1361.228,62.58493375110998,1486.39786750222,1236.0581324977802,0,0
2018-02-08,1350.51,1366.039,57.41668104396573,1480.8723620879314,1251.2056379120686,0,0
2018-02-09,1339.34,1369.1675,53.89315061205791,1476.9538012241158,1261.3811987758843,0,0
2018-02-12,1386.97,1373.2559999999999,51.84782047897731,1476.9516409579544,1269.5603590420453,0,0
2018-02-13,1413.66,1378.681,49.990809039464864,1478.6626180789299,1278.6993819210702,0,0
2018-02-14,1451.08,1386.4850000000001,48.39725737117543,1483.279514742351,1289.6904852576492,0,0
2018-02-15,1461.76,1394.9119999999998,45.912545424617406,1486.7370908492346,1303.086909150765,0,0
2018-02-16,1448.59,1402.6125,40.83351189182927,1484.2795237836585,1320.9454762163414,0,0
2018-02-20,1468.36,1409.658,39.31029670922754,1488.2785934184549,1331.037406581545,0,0
2018-02-21,1482.92,1415.6515,40.93464833698644,1497.5207966739729,1333.782203326027,0,0
2018-02-22,1484.59,1422.0054999999998,41.29602994489379,1504.5975598897874,1339.4134401102122,0,0
2018-02-23,1500.0,1428.1399999999999,43.36788297442274,1514.8757659488454,1341.4042340511544,0,0
2018-02-26,1521.95,1434.178,47.616647310070306,1529.4112946201408,1338.9447053798594,0,0
2018-02-27,1512.0,1438.894,50.481275048529554,1539.8565500970592,1337.9314499029408,0,0
2018-02-28,1512.45,1442.607,53.090332958865254,1548.7876659177305,1336.4263340822695,0,0
2018-03-01,1492.0,1444.6375,54.208736125899264,1553.0549722517985,1336.2200277482016,0,0
2018-03-02,1500.21,1450.2125,53.886801125370674,1557.9861022507414,1342.4388977492588,0,0
2018-03-05,1523.61,1454.8995,56.057290100574484,1567.014080201149,1342.784919798851,0,0
2018-03-06,1537.18,1462.2585,56.745513921913165,1575.7495278438262,1348.7674721561737,0,0
2018-03-07,1544.9,1467.3615000000002,59.43273103840234,1586.226962076805,1348.4960379231954,0,0
2018-03-08,1551.67,1474.1875,60.941187254156794,1596.0698745083137,1352.3051254916863,0,0
2018-03-09,1578.94,1485.609,57.870402752491955,1601.3498055049838,1369.868194495016,0,0
2018-03-12,1598.5,1498.567,52.12447097799244,1602.815941955985,1394.318058044015,0,0
2018-03-13,1588.13,1508.625,48.7564421114494,1606.1378842228987,1411.1121157771013,0,0
2018-03-14,1591.0,1517.492,46.65745155129906,1610.806903102598,1424.177096897402,0,0
2018-03-15,1582.75,1524.0755,46.079245981914625,1616.233991963829,1431.9170080361707,0,0
2018-03-16,1571.69,1529.5720000000001,44.79328551654854,1619.1585710330971,1439.985428966903,0,0
2018-03-19,1545.58,1534.4215,40.62028845875276,1615.6620769175054,1453.1809230824945,0,0
2018-03-20,1586.52,1540.3295,39.06956784140778,1618.4686356828156,1462.1903643171845,0,0
2018-03-21,1582.93,1545.3300000000002,37.71153906891,1620.7530781378202,1469.90692186218,0,0
2018-03-22,1544.92,1548.3465,34.90579687566037,1618.1580937513208,1478.5349062486794,0,0
2018-03-23,1495.55,1548.1240000000003,35.24274817527594,1618.609496350552,1477.6385036494485,0,0
2018-03-26,1555.87,1549.8200000000002,34.72930553806736,1619.278611076135,1480.3613889238654,0,0
2018-03-27,1497.12,1549.076,35.727208767469286,1620.5304175349386,1477.6215824650615,0,0
2018-03-28,1429.19,1544.913,44.091300741202815,1633.0956014824055,1456.7303985175945,1,1
2018-03-29,1445.96,1542.611,48.02561804307803,1638.662236086156,1446.559763913844,0,1
2018-04-02,1371.92,1536.1965,60.84380185315478,1657.8841037063096,1414.5088962936904,0,1
2018-04-03,1392.05,1529.6185,68.85980725739024,1667.3381145147805,1391.8988854852196,0,1
2018-04-04,1410.58,1523.2885,73.77183824931338,1670.832176498627,1375.7448235013733,0,1
2018-04-05,1451.75,1518.6309999999999,75.26103772169257,1669.153075443385,1368.1089245566147,0,1
2018-04-06,1405.21,1511.308,78.91383486202069,1669.1356697240415,1353.4803302759585,0,1
2018-04-09,1405.91,1502.6565,80.57626503570383,1663.8090300714077,1341.5039699285924,0,1
2018-04-10,1436.26,1494.5445000000002,78.56093280310188,1651.666365606204,1337.4226343937964,0,1
2018-04-11,1427.29,1486.5025,76.68665902467782,1639.8758180493558,1333.1291819506444,0,1
2018-04-12,1448.48,1479.3764999999999,72.9983472253337,1625.3731944506671,1333.3798055493326,0,1
2018-04-13,1431.11,1471.7945,69.48693754375248,1610.7683750875049,1332.820624912495,0,1
2018-04-16,1440.63,1465.2414999999999,65.64398968558324,1596.5294793711664,1333.9535206288333,0,1
2018-04-17,1503.63,1463.144,63.579600535151116,1590.3032010703023,1335.9847989296977,0,1
2018-04-18,1527.85,1460.2105,58.75823216455831,1577.7269643291165,1342.6940356708833,0,1
2018-04-19,1556.73,1458.9005,56.11064412343031,1571.1217882468607,1346.6792117531393,0,1
2018-04-20,1527.5,1458.0295,54.82558348981686,1567.6806669796338,1348.3783330203664,0,1
2018-04-23,1517.85,1459.1444999999999,55.84607006621843,1570.8366401324367,1347.452359867563,0,1
2018-04-24,1460.61,1454.3815,51.01572990392743,1556.4129598078548,1352.3500401921451,0,1
2018-04-25,1461.74,1452.6125,50.06021120662134,1552.7329224132427,1352.4920775867572,0,1
2018-04-26,1519.28,1457.117,51.86247087501754,1560.841941750035,1353.392058249965,0,1
2018-04-27,1572.76,1463.4569999999999,57.83347902200186,1579.1239580440035,1347.7900419559962,0,1
2018-04-30,1566.13,1473.1675,57.959314666218745,1589.0861293324374,1357.2488706675626,0,1
2018-05-01,1582.26,1482.678,59.53260651015964,1601.7432130203194,1363.6127869796808,0,1
2018-05-02,1570.53,1490.6754999999998,60.07852129328915,1610.832542586578,1370.5184574134216,0,1
2018-05-03,1570.8,1496.628,61.889222563160196,1620.4064451263202,1372.8495548736796,0,1
2018-05-04,1580.99,1505.417,60.69336537918524,1626.8037307583704,1384.0302692416294,0,1
2018-05-07,1599.86,1515.1145000000001,59.439050824296785,1633.9926016485938,1396.2363983514065,0,1
2018-05-08,1592.39,1522.9209999999998,58.786704717797434,1640.4944094355947,1405.347590564405,0,1
2018-05-09,1606.87,1531.9,57.10164252406299,1646.103285048126,1417.6967149518741,0,1
2018-05-10,1609.42,1539.947,56.057641302676295,1652.0622826053525,1427.8317173946473,0,1
2018-05-11,1603.32,1548.5575000000001,51.500921900266654,1651.5593438005335,1445.5556561994667,0,1
2018-05-14,1602.0,1556.626,46.05505622848484,1648.7361124569697,1464.5158875430302,0,1
2018-05-15,1576.5,1560.2694999999999,44.497896990501715,1649.2652939810032,1471.2737060189966,0,1
2018-05-16,1587.75,1563.2645,44.21594573940396,1651.696391478808,1474.832608521192,0,1
2018-05-17,1581.37,1564.4965,44.36730674895902,1653.231113497918,1475.761886502082,0,1
2018-05-18,1574.5,1566.8465,43.541619082973206,1653.9297381659464,1479.7632618340538,0,1
2018-05-21,1585.66,1570.2369999999999,42.14321461271117,1654.5234292254222,1485.9505707745775,0,1
2018-05-22,1581.39,1576.2759999999998,33.341834066914004,1642.9596681338278,1509.592331866172,0,1
2018-05-23,1601.86,1583.282,20.10007216531447,1623.482144330629,1543.081855669371,0,1
2018-05-24,1603.48,1587.492,13.828776861019845,1615.1495537220396,1559.8344462779603,0,1
2018-05-25,1609.62,1589.335,14.21294795149365,1617.7608959029874,1560.9091040970127,0,1
2018-05-29,1612.88,1591.6725,14.038981022711932,1619.7504620454238,1563.594537954576,0,1
2018-05-30,1625.87,1593.853,15.778981722807247,1625.4109634456145,1562.2950365543857,-1,0
2018-05-31,1630.14,1596.8335000000002,16.742108046487097,1630.3177160929745,1563.349283907026,0,0
2018-06-01,1642.91,1600.439,18.511694141761364,1637.4623882835228,1563.4156117164773,0,0
2018-06-04,1665.4,1604.6595,22.937431020936135,1650.5343620418723,1558.7846379581276,0,0
2018-06-05,1696.48,1609.4905,30.725942146458966,1670.942384292918,1548.0386157070823,0,0
2018-06-06,1697.78,1614.76,36.190172408340466,1687.140344816681,1542.379655183319,0,0
2018-06-07,1689.27,1618.88,39.759039356155604,1698.3980787123114,1539.3619212876888,0,0
2018-06-08,1682.52,1622.535,42.132760412747615,1706.8005208254954,1538.2694791745048,0,0
2018-06-11,1689.62,1626.85,44.418474700678416,1715.6869494013567,1538.013050598643,0,0
2018-06-12,1698.73,1631.6865,46.77403365057696,1725.234567301154,1538.1384326988461,0,0
2018-06-13,1704.81,1638.102,47.598495066855634,1733.2989901337114,1542.9050098662888,0,0
2018-06-14,1723.75,1644.902,49.69495045827588,1744.2919009165519,1545.5120990834482,0,0
2018-06-15,1716.26,1651.6465,49.77214262858218,1751.1907852571644,1552.1022147428357,0,0
2018-06-18,1724.83,1659.163,48.85119414580837,1756.8653882916167,1561.4606117083833,0,0
2018-06-19,1736.01,1666.6805,48.51199444464981,1763.7044888892995,1569.6565111107004,0,0
2018-06-20,1750.07,1675.1145000000001,47.55691919050708,1770.2283383810143,1580.000661618986,0,0
2018-06-21,1730.2,1681.5314999999998,45.77759935702594,1773.0866987140516,1589.976301285948,0,0
2018-06-22,1715.06,1687.1105,42.442408220127284,1771.9953164402546,1602.2256835597454,0,0
2018-06-25,1663.17,1689.7879999999998,38.832157129961466,1767.4523142599228,1612.1236857400768,0,0
2018-06-26,1691.19,1693.7035,34.35977946666093,1762.423058933322,1624.9839410666782,0,0
2018-06-27,1660.0,1695.4099999999999,31.54578443765564,1758.501568875311,1632.3184311246887,0,0
2018-06-28,1701.5,1698.9779999999998,27.558451297057303,1754.0949025941145,1643.8610974058852,0,0
2018-06-29,1699.67,1701.816,24.198379545521338,1750.2127590910427,1653.4192409089574,0,0
2018-07-02,1713.75,1704.2334999999998,22.7400401042936,1749.713580208587,1658.7534197914126,0,0
2018-07-03,1694.88,1704.1535,22.771545326930724,1749.6965906538614,1658.6104093461383,0,0
2018-07-05,1699.56,1704.2424999999998,22.74879126338103,1749.7400825267619,1658.7449174732378,0,0
2018-07-06,1711.01,1705.3294999999998,22.513895703195143,1750.35729140639,1660.3017085936096,0,0
2018-07-09,1739.03,1708.155,23.040485991713226,1754.2359719834265,1662.0740280165735,0,0
2018-07-10,1743.35,1710.8415,23.882620916465214,1758.6067418329303,1663.0762581670697,0,0
2018-07-11,1755.53,1713.6815,25.676400853447813,1765.0343017068956,1662.3286982931043,0,0
2018-07-12,1796.6,1718.271,31.540932119149648,1781.3528642382992,1655.1891357617008,0,0
2018-07-13,1813.2,1722.7434999999998,38.032678507713605,1798.808857015427,1646.6781429845726,0,0
2018-07-16,1822.49,1728.0549999999998,44.02528932326725,1816.1055786465342,1640.0044213534654,0,0
2018-07-17,1844.0,1734.0134999999998,51.06706831266108,1836.1476366253219,1631.8793633746777,0,0
2018-07-18,1842.47,1739.3365,56.54118371173045,1852.4188674234608,1626.254132576539,0,0
2018-07-19,1813.68,1742.5169999999998,58.915925833677846,1860.3488516673556,1624.685148332644,0,0
2018-07-20,1813.68,1746.691,60.920422027406424,1868.5318440548128,1624.8501559451872,0,0
2018-07-23,1802.0,1751.038,61.642131746988404,1874.3222634939768,1627.7537365060232,0,0
2018-07-24,1829.28,1759.3434999999997,60.35713634819951,1880.0577726963988,1638.6292273036006,0,0
2018-07-25,1863.8,1767.9740000000002,62.4049780740148,1892.7839561480298,1643.1640438519705,0,0
2018-07-26,1805.22,1775.2350000000001,57.43081966475497,1890.09663932951,1660.3733606704902,0,0
2018-07-27,1817.99,1781.0595,55.431477707045076,1891.92245541409,1670.19654458591,0,0
2018-07-30,1779.28,1785.0400000000002,52.03356912404357,1889.1071382480873,1680.9728617519131,0,0
2018-07-31,1777.41,1788.2230000000004,49.31940848876174,1886.8618169775239,1689.584183022477,0,0
2018-08-01,1797.05,1793.3314999999998,44.16401360416296,1881.6595272083257,1705.0034727916739,0,0
2018-08-02,1834.21,1800.0639999999999,39.088407407840144,1878.24081481568,1721.8871851843196,0,0
2018-08-03,1822.93,1805.6599999999999,33.242413459745,1872.1448269194898,1739.17517308051,0,0
2018-08-06,1847.68,1811.0925,30.54934349793669,1872.1911869958733,1749.9938130041267,0,0
2018-08-07,1862.7,1817.0600000000002,28.18552446683734,1873.431048933675,1760.6889510663254,0,0
2018-08-08,1886.52,1823.6095,28.353857711116323,1880.3172154222327,1766.9017845777673,0,0
2018-08-09,1898.13,1828.6859999999997,32.10448278253028,1892.8949655650604,1764.477034434939,0,0
2018-08-10,1886.0,1832.3259999999998,34.3076981386958,1900.9413962773915,1763.710603722608,0,0
2018-08-13,1895.65,1835.984,36.99851183347303,1909.981023666946,1761.986976333054,0,0
2018-08-14,1919.86,1839.777,41.480558426391866,1922.7381168527838,1756.8158831472163,0,0
2018-08-15,1882.37,1841.7720000000002,42.56228174528827,1926.8965634905767,1756.6474365094236,0,0
2018-08-16,1887.47,1845.4615000000001,43.192535450944185,1931.8465709018885,1759.0764290981117,0,0
2018-08-17,1882.22,1848.8884999999998,43.257213730587,1935.4029274611737,1762.3740725388259,0,0
2018-08-20,1877.24,1852.6505000000002,42.224193298790965,1937.0988865975821,1768.2021134024183,0,0
2018-08-21,1883.64,1855.3685,42.38991057646874,1940.1483211529376,1770.5886788470625,0,0
2018-08-22,1905.45,1857.4509999999998,43.82472036115731,1945.1004407223145,1769.801559277685,0,0
2018-08-23,1902.8,1862.33,43.13008340745015,1948.5901668149002,1776.0698331850997,0,0
2018-08-24,1905.43,1866.702,42.82962852975425,1952.3612570595085,1781.0427429404915,0,0
2018-08-27,1927.62,1874.119,39.617462510693045,1953.353925021386,1794.8840749786139,0,0
2018-08-28,1933.0,1881.8984999999998,34.58418596238545,1951.0668719247706,1812.730128075229,0,0
2018-08-29,1998.38,1891.9650000000001,37.7437592610286,1967.4525185220573,1816.477481477943,0,0
2018-08-30,2002.22,1900.3655000000003,42.59749986173158,1985.5604997234634,1815.1705002765373,0,0
2018-08-31,2013.83,1909.9105,45.614049367857305,2001.1385987357146,1818.6824012642853,0,0
2018-09-04,2039.58,1919.5055,51.62233915402583,2022.7501783080515,1816.2608216919484,0,0
2018-09-05,1995.0,1926.1204999999998,52.43032584444124,2030.9811516888822,1821.2598483111174,0,0
2018-09-06,1958.365,1929.71275,52.03402999539971,2033.7808099907993,1825.6446900092005,0,0
2018-09-07,1952.2,1932.4162500000002,51.71037427404817,2035.8369985480965,1828.995501451904,0,0
2018-09-10,1941.81,1935.20675,50.56695915926485,2036.3406683185297,1834.0728316814705,0,0
2018-09-11,1987.61,1939.80475,50.96018150099874,2041.7251130019974,1837.8843869980026,0,0
2018-09-12,1990.07,1943.31525,51.92311723960603,2047.161484479212,1839.4690155207882,0,0
2018-09-13,1990.0,1948.6967499999998,50.84037119086771,2050.3774923817355,1847.0160076182644,0,0
2018-09-14,1970.19,1952.83275,48.925958277293915,2050.6846665545877,1854.9808334454121,0,0
2018-09-17,1908.03,1954.12325,47.278044650588896,2048.679339301178,1859.5671606988224,0,0
2018-09-18,1941.59,1957.3407499999998,43.83465266663024,2045.0100553332604,1869.6714446667393,0,0
2018-09-19,1926.28,1959.4727500000001,41.007136653384705,2041.4870233067695,1877.4584766932308,0,0
2018-09-20,1944.3,1961.41525,39.193453114463814,2039.8021562289277,1883.0283437710723,0,0
2018-09-21,1915.01,1962.02575,38.31768456887603,2038.6611191377522,1885.3903808622479,0,0
2018-09-24,1934.35,1963.47175,36.57559148975089,2036.6229329795017,1890.3205670204982,0,0
2018-09-25,1974.55,1965.8182500000003,35.648106440947544,2037.1144628818954,1894.5220371181051,0,0
2018-09-26,1974.85,1967.9107500000002,34.83942580171976,2037.5896016034399,1898.2318983965606,0,0
2018-09-27,2012.98,1968.6407499999998,35.65487367120128,2039.9504973424023,1897.3310026575973,0,0
2018-09-28,2002.57,1968.6582499999997,35.67230398744213,2040.002857974884,1897.3136420251155,0,0
2018-10-01,2004.36,1968.18475,35.09940475854343,2038.3835595170867,1897.985940482913,0,0
2018-10-02,1970.0,1964.7057499999999,30.840285226066438,2026.3863204521326,1903.025179547867,0,0
2018-10-03,1952.76,1962.59375,30.093791232077738,2022.7813324641554,1902.4061675358446,0,0
2018-10-04,1910.32,1960.1915000000001,32.28681958137742,2024.765139162755,1895.6178608372452,0,0
2018-10-05,1889.58,1957.0605,35.932972905652065,2028.9264458113041,1885.194554188696,0,0
2018-10-08,1864.42,1953.191,41.41104364521269,2036.0130872904253,1870.3689127095747,1,1
2018-10-09,1870.32,1947.3265,44.47216992263637,2036.2708398452726,1858.3821601547272,0,1
2018-10-10,1755.25,1935.5855,60.648711313132516,2056.882922626265,1814.288077373735,0,1
2018-10-11,1719.36,1922.0535,76.0945692975217,2074.2426385950434,1769.8643614049565,0,1
2018-10-12,1788.61,1912.9744999999998,80.73959646032037,2074.4536929206406,1751.495307079359,0,1
2018-10-15,1760.95,1905.6204999999998,87.6188337405212,2080.858167481042,1730.3828325189575,0,1
2018-10-16,1820.15,1899.5485,89.18878801819423,2077.9260760363886,1721.1709239636116,0,1
2018-10-17,1831.73,1894.821,90.19742935417713,2075.215858708354,1714.4261412916458,0,1
2018-10-18,1770.72,1886.1420000000003,93.47736425127191,2073.096728502544,1699.1872714974565,0,1
2018-10-19,1764.03,1878.593,97.05141502803522,2072.6958300560705,1684.4901699439297,0,1
2018-10-22,1789.005,1871.32575,98.09272580565516,2067.5112016113103,1675.1402983886896,0,1
2018-10-23,1768.25,1861.01075,97.51190324470416,2056.0345564894083,1665.9869435105916,0,1
2018-10-24,1659.63,1845.2497499999997,103.43813391885574,2052.126017837711,1638.3734821622882,0,1
2018-10-25,1782.0,1833.70075,96.3789149013546,2026.4585798027092,1640.9429201972907,0,1
2018-10-26,1638.28,1815.4862500000004,97.20463906075192,2009.8955281215042,1621.0769718784966,0,1
2018-10-29,1538.6078,1792.19864,105.04841547661181,2002.2954709532237,1582.1018090467765,0,1
2018-10-30,1530.42,1770.21964,111.66713369634545,1993.553907392691,1546.8853726073091,0,1
2018-10-31,1599.19,1752.54114,109.20791220993245,1970.956964419865,1534.125315580135,0,1
2018-11-01,1665.86,1740.31814,104.18415135674934,1948.6864427134988,1531.9498372865014,0,1
2018-11-02,1665.58,1729.11814,99.21542144683698,1927.548982893674,1530.687297106326,0,1
2018-11-05,1627.45,1717.26964,96.3142814821947,1909.8982029643894,1524.6410770356106,0,1
2018-11-06,1642.86,1705.8966400000002,90.54741554624943,1886.991471092499,1524.8018089075013,0,1
2018-11-07,1757.36,1706.00214,90.60915355589466,1887.2204471117893,1524.7838328882108,0,1
2018-11-08,1754.95,1707.78164,91.23263601884616,1890.2469120376923,1525.3163679623076,0,1
2018-11-09,1712.03,1703.95264,89.24716819520425,1882.4469763904085,1525.4583036095914,0,1
2018-11-12,1636.79,1697.7446400000001,89.39192812706095,1876.528496254122,1518.9607837458782,0,1
2018-11-13,1631.445,1688.30939,85.67364967601114,1859.656689352022,1516.9620906479777,0,1
2018-11-14,1600.1,1676.7278900000001,80.78180911493394,1838.291508229868,1515.1642717701322,0,1
2018-11-15,1620.0,1669.19189,78.55136564036215,1826.2946212807244,1512.0891587192757,0,1
2018-11-16,1593.59,1660.66989,76.95005653653827,1814.5700030730764,1506.7697769269234,0,1
2018-11-19,1512.7,1646.85464,77.49800610514998,1801.8506522103,1491.8586277897,0,1
2018-11-20,1495.46,1633.21514,78.99888821383053,1791.2129164276612,1475.2173635723389,0,1
2018-11-21,1516.4,1626.0536399999999,82.87528769523935,1791.8042153904785,1460.3030646095212,0,1
2018-11-23,1502.08,1612.05764,78.68337241535191,1769.4243848307037,1454.6908951692963,0,1
2018-11-26,1581.33,1609.21014,78.714941860323,1766.6400237206458,1451.780256279354,0,1
2018-11-27,1582.0,1611.3797499999998,77.25090921751031,1765.8815684350204,1456.8779315649792,0,1
2018-11-28,1677.46,1618.7317500000001,76.12919654449884,1770.990143088998,1466.4733569110024,0,1
2018-11-29,1672.94,1622.41925,76.91490103173405,1776.249052063468,1468.5894479365318,0,1
2018-11-30,1691.55,1623.7037500000001,77.88692919317394,1779.477608386348,1467.9298916136522,0,1
2018-12-03,1772.9,1629.06975,84.35236951830692,1797.7744890366139,1460.3650109633863,0,1
2018-12-04,1668.64,1631.12925,84.81232312201443,1800.7538962440287,1461.5046037559712,0,1
2018-12-06,1700.0,1633.98625,86.17967572208367,1806.3456014441672,1461.6268985558327,0,1
2018-12-07,1629.11,1627.57375,81.14058175514599,1789.854913510292,1465.2925864897081,0,1
2018-12-10,1641.2,1621.88625,75.5353171645059,1772.9568843290117,1470.8156156709883,0,1
2018-12-11,1643.4,1618.4547499999999,72.73149631700792,1763.9177426340157,1472.991757365984,0,1
2018-12-12,1663.13,1619.77175,73.31710052688135,1766.4059510537627,1473.1375489462375,0,1
2018-12-13,1659.74,1621.1865000000003,73.82543893856271,1768.8373778771256,1473.5356221228749,0,1
2018-12-14,1591.92,1620.7775,73.97092429317915,1768.7193485863581,1472.8356514136417,0,1
2018-12-17,1519.75,1615.7649999999999,77.34601112429712,1770.457022248594,1461.0729777514057,0,1
2018-12-18,1551.11,1613.641,78.5607422317139,1770.7624844634279,1456.5195155365723,0,1
2018-12-19,1494.83,1612.7475,79.86008013195337,1772.4676602639067,1453.0273397360932,0,1
2018-12-20,1460.83,1611.016,82.85612859839398,1776.728257196788,1445.3037428032121,0,1
2018-12-21,1376.73,1604.0325,96.0811005499655,1796.194701099931,1411.870298900069,0,1
2018-12-24,1342.91,1596.074,110.48311923451179,1817.0402384690237,1375.1077615309764,0,1
2018-12-26,1470.81,1590.5480000000002,113.96832979291823,1818.4846595858367,1362.6113404141638,0,1
2018-12-27,1462.0,1584.5480000000002,117.54469334099905,1819.6373866819984,1349.458613318002,0,1
2018-12-28,1475.18,1574.434,117.8315486928963,1810.0970973857925,1338.7709026142074,0,1
2018-12-31,1492.38,1565.406,116.79954368150818,1799.0050873630164,1331.8069126369835,0,1
2019-01-02,1536.73,1557.6650000000002,113.07009407302296,1783.805188146046,1331.5248118539544,0,1
2019-01-03,1502.07,1544.1235000000001,101.56909280592775,1747.2616856118557,1340.9853143881446,0,1
2019-01-04,1574.54,1539.4185,97.59944883768138,1734.6173976753628,1344.2196023246372,0,1
2019-01-07,1631.12,1535.9745,92.72850015955316,1721.4315003191064,1350.5174996808937,0,1
2019-01-08,1655.835,1537.31075,94.32015102932941,1725.951052058659,1348.6704479413413,0,1
2019-01-09,1657.59,1538.13025,95.3360309155034,1728.8023118310068,1347.458188168993,0,1
2019-01-10,1655.5,1538.7352500000002,96.07476104129987,1730.8847720826,1346.5857279174004,0,1
2019-01-11,1639.66,1537.56175,94.60751159776808,1726.7767731955362,1348.346726804464,0,1
2019-01-14,1619.8767,1535.568585,92.28953748360311,1720.1476599672062,1350.9895100327938,0,1
2019-01-15,1672.75,1539.610085,96.55824532202801,1732.726575644056,1346.493594355944,0,1
2019-01-16,1681.9703,1547.7211,101.48959931304961,1750.700298626099,1344.7419013739009,0,1
2019-01-17,1691.37,1554.7341000000001,106.46039912463209,1767.6548982492643,1341.813301750736,0,1
2019-01-18,1693.2421,1564.6547050000001,109.77731331382016,1784.2093316276405,1345.1000783723598,0,1
2019-01-22,1628.398,1573.033105,107.81314205789754,1788.659389115795,1357.406820884205,0,1
2019-01-23,1636.55,1586.024105,98.13362632691218,1782.2913576538244,1389.7568523461755,0,1
2019-01-24,1654.97,1601.627105,80.70542925476757,1763.037963509535,1440.216246490465,0,1
2019-01-25,1668.6,1611.516605,75.80104478235282,1763.1186945647057,1459.9145154352943,0,1
2019-01-28,1636.185,1620.225855,67.24130279966492,1754.7084605993298,1485.74324940067,0,1
2019-01-29,1592.73,1626.1033549999997,58.45974103073342,1743.0228370614666,1509.1838729385329,0,1
2019-01-30,1670.2312,1634.995915,49.956330230061056,1734.9085754601222,1535.0832545398778,0,1
2019-01-31,1720.41,1644.179915,47.77663072027154,1739.733176440543,1548.6266535594568,0,1
2019-02-01,1623.8,1650.266415,34.678011967043815,1719.6224389340878,1580.9103910659123,0,1
2019-02-04,1630.5,1653.064415,30.217083804174912,1713.4985826083498,1592.6302473916503,0,1
2019-02-05,1656.87,1654.351915,29.778253210798308,1713.9084214215966,1594.7954085784033,0,1
2019-02-06,1639.42,1653.5311649999999,29.96088050726535,1713.4529260145305,1593.6094039854693,0,1
2019-02-07,1611.6058,1651.231955,31.364552243262214,1713.9610594865244,1588.5028505134756,0,1
2019-02-08,1585.7397,1647.7439399999998,34.57917071168169,1716.9022814233633,1578.5855985766364,0,1
2019-02-11,1591.8,1645.3509399999998,36.75559910934087,1718.8621382186816,1571.839741781318,0,1
2019-02-12,1637.89,1646.251605,36.31659909383649,1718.8848031876728,1573.618406812327,0,1
2019-02-13,1640.3726,1644.632735,35.79105664958522,1716.2148482991704,1573.0506217008294,0,1
2019-02-14,1623.8774,1641.72809,34.94879404974266,1711.6256780994854,1571.8305019005147,0,1
2019-02-15,1607.5299,1637.536085,33.68639015945302,1704.908865318906,1570.163304681094,0,1
2019-02-19,1627.4731,1634.247635,31.07081067954901,1696.389256359098,1572.106013640902,0,1
2019-02-20,1622.62,1633.9587350000002,31.15481263089995,1696.2683602618001,1571.6491097382002,0,1
2019-02-21,1619.9,1633.126235,31.304024377036,1695.7342837540718,1570.518186245928,0,1
2019-02-22,1631.19,1631.937235,30.879410120459575,1693.6960552409193,1570.1784147590809,0,1
2019-02-25,1633.0,1630.157235,29.656653243379864,1689.4705414867597,1570.8439285132401,0,1
2019-02-26,1636.33,1630.164485,29.65822205691064,1689.4809291138213,1570.8480408861788,0,1
2019-02-27,1641.09,1632.5824850000001,28.38984650480672,1689.3621780096137,1575.8027919903866,0,1
2019-02-28,1639.79,1631.0604250000001,27.049538866791615,1685.1595027335834,1576.9613472664169,0,1
2019-03-01,1671.26,1628.602925,19.753409642675372,1668.1097442853506,1589.0961057146492,-1,0
2019-03-04,1696.16,1632.220925,24.807509974661073,1681.8359449493223,1582.6059050506778,0,0
2019-03-05,1691.81,1635.286425,28.14697229975008,1691.5803695995003,1578.9924804004997,0,0
2019-03-06,1669.16,1635.9009250000001,28.770237830562113,1693.4414006611244,1578.360449338876,0,0
2019-03-07,1626.28,1635.243925,28.835605220953635,1692.9151354419073,1577.5727145580927,0,0
2019-03-08,1622.11,1635.769135,28.475818515312298,1692.7207720306246,1578.8174979693754,0,0
2019-03-11,1670.32,1639.9981500000001,26.89130079514787,1693.780751590296,1586.2155484097043,0,0
2019-03-12,1672.42,1644.0291499999998,25.28035911704355,1694.589868234087,1593.4684317659128,0,0
2019-03-13,1690.8,1646.6746500000002,27.292455509137643,1701.2595610182755,1592.0897389817248,0,0
2019-03-14,1685.29,1648.9205200000001,28.56500914988636,1706.0505382997728,1591.7905017002274,0,0
2019-03-15,1712.91,1653.37215,31.26658777027212,1715.9053255405443,1590.8389744594556,0,0
2019-03-18,1742.0,1660.0956549999999,35.111599692218626,1730.3188543844371,1589.8724556155626,0,0
2019-03-19,1762.7,1666.857,41.02166886951052,1748.900337739021,1584.8136622609788,0,0
2019-03-20,1797.73,1675.6125,48.99539364758533,1773.6032872951705,1577.6217127048294,0,0
2019-03-21,1818.4,1685.5375,56.62652269357554,1798.790545387151,1572.2844546128488,0,0
2019-03-22,1764.06,1692.1809999999998,57.69890484227221,1807.5788096845442,1576.7831903154554,0,0
2019-03-25,1774.07,1699.2344999999998,58.697480038689044,1816.6294600773779,1581.8395399226217,0,0
2019-03-26,1784.47,1706.6415000000002,59.68043426845371,1826.0023685369076,1587.2806314630927,0,0
2019-03-27,1766.0,1712.887,58.99136306985649,1830.8697261397128,1594.904273860287,0,0
2019-03-28,1773.67,1719.5809999999997,57.84500450612217,1835.2710090122441,1603.8909909877552,0,0
2019-03-29,1781.09,1725.0724999999998,58.228295244689704,1841.529090489379,1608.6159095106204,0,0
2019-04-01,1814.36,1730.9824999999996,61.06851888396906,1853.1195377679378,1608.8454622320614,0,0
2019-04-02,1814.0,1737.0919999999999,63.02414604943582,1863.1402920988714,1611.0437079011283,0,0
2019-04-03,1820.41,1744.6545,63.5163141475651,1871.6871282951304,1617.6218717048698,0,0
2019-04-04,1819.51,1754.316,59.10563829189355,1872.5272765837872,1636.104723416213,0,0
2019-04-05,1837.65,1765.093,53.07358725588382,1871.2401745117677,1658.9458254882325,0,0
2019-04-08,1849.679,1774.0609499999998,51.34183425203228,1876.7446185040644,1671.3772814959352,0,0
2019-04-09,1836.52,1782.2659499999997,47.18803631435874,1876.6420226287173,1687.8898773712822,0,0
2019-04-10,1847.33,1790.09245,44.09901132732255,1878.290472654645,1701.894427345355,0,0
2019-04-11,1844.5,1798.05295,38.1540988809292,1874.3611477618583,1721.7447522381417,0,0
2019-04-12,1842.96,1804.5554499999998,33.70197639597203,1871.9594027919438,1737.1514972080558,0,0
2019-04-15,1844.85,1809.6979499999998,31.424262631635674,1872.546475263271,1746.8494247367285,0,0
2019-04-16,1862.92,1814.7089500000002,31.5259110130883,1877.7607720261767,1751.6571279738237,0,0
2019-04-17,1864.82,1818.06345,33.15161139442938,1884.366672788859,1751.7602272111412,0,0
2019-04-18,1861.4,1820.21345,34.53987072393588,1889.2931914478718,1751.1337085521282,0,0
2019-04-22,1888.04,1826.4124499999998,35.05313984051672,1896.5187296810332,1756.3061703189665,0,0
2019-04-23,1924.17,1833.9174500000001,39.09235734358833,1912.1021646871768,1755.7327353128235,0,0
2019-04-24,1900.88,1839.73795,39.99829209307571,1919.7345341861514,1759.7413658138485,0,0
2019-04-25,1902.16,1846.5459500000002,38.340341412488044,1923.2266328249762,1769.8652671750242,0,0
2019-04-26,1950.9,1855.40745,40.99935418675995,1937.40615837352,1773.40874162648,0,0
2019-04-29,1939.0,1863.30295,41.13894714187394,1945.5808442837479,1781.0250557162522,0,0
2019-04-30,1926.53,1868.9114500000003,41.756807524985994,1952.4250650499723,1785.3978349500283,0,0
2019-05-01,1911.29,1873.77595,40.676124817297946,1955.1281996345958,1792.423700365404,0,0
2019-05-02,1901.72,1877.84145,39.094201332635066,1956.02985266527,1799.6530473347298,0,0
2019-05-03,1961.76,1884.9539499999998,40.82490650319347,1966.6037630063868,1803.304136993613,0,0
2019-05-06,1950.29,1890.5859500000001,41.71553673260378,1974.0170234652078,1807.1548765347925,0,0
2019-05-07,1922.58,1894.2310000000002,41.13395765822544,1976.498915316451,1811.9630846835494,0,0
2019-05-08,1916.85,1898.2475000000002,39.07244363119471,1976.3923872623895,1820.1026127376108,0,0
2019-05-09,1900.01,1900.8815000000002,37.18956889331711,1975.2606377866343,1826.502362213366,0,0
2019-05-10,1889.98,1903.1555,34.879313953104045,1972.9141279062083,1833.396872093792,0,0
2019-05-13,1822.62,1902.1385000000002,36.961250729965975,1976.0610014599322,1828.2159985400683,1,1
2019-05-14,1840.05,1901.8985,37.36618556856537,1976.6308711371307,1827.1661288628693,0,1
2019-05-15,1871.12,1902.3084999999999,36.958750302796545,1976.226000605593,1828.3909993944067,0,1
2019-05-16,1907.86,1904.4605,35.89886722662691,1976.2582344532536,1832.6627655467462,0,1
2019-05-17,1867.99,1904.7899999999997,35.510979769750364,1975.8119595395005,1833.768040460499,0,1
2019-05-20,1858.04,1903.2900000000002,36.86359208012327,1977.0171841602466,1829.5628158397537,0,1
2019-05-21,1858.11,1899.9869999999999,37.84082021751036,1975.6686404350205,1824.3053595649792,0,1
2019-05-22,1859.425,1897.9142499999998,38.909597222072904,1975.7334444441456,1820.095055555854,0,1
2019-05-23,1815.67,1893.5897499999999,43.00382028543325,1979.5973905708663,1807.5821094291334,0,1
2019-05-24,1823.3,1887.20975,43.5160822199497,1974.2419144398993,1800.1775855601006,0,1
2019-05-28,1836.56,1882.0877500000001,43.1263799618694,1968.3405099237389,1795.8349900762614,0,1
2019-05-29,1820.2,1876.7712499999998,43.90629069764444,1964.5838313952886,1788.958668604711,0,1
2019-05-30,1815.81,1871.99725,45.12928403556724,1962.2558180711344,1781.7386819288654,0,1
2019-05-31,1775.07,1865.66475,49.42076703578177,1964.5062840715634,1766.8232159284364,0,1
2019-06-03,1692.76,1852.2147499999999,57.78796886882227,1967.7906877376445,1736.6388122623553,0,1
2019-06-04,1730.18,1841.2092499999999,59.07214256345043,1959.3535351269006,1723.0649648730991,0,1
2019-06-05,1739.48,1832.05425,59.97903289953028,1952.0123157990604,1712.0961842009394,0,1
2019-06-06,1754.6292,1823.94321,58.86681806618264,1941.6768461323652,1706.2095738676346,0,1
2019-06-07,1804.02,1819.1437100000003,56.19084813397995,1931.52540626796,1706.7620137320405,0,1
2019-06-10,1860.63,1817.67621,54.60435591758128,1926.8849218351627,1708.4674981648375,0,1
2019-06-11,1863.7,1819.7302099999997,55.56430503418348,1930.8588200683666,1708.6015999316328,0,1
2019-06-12,1855.3,1820.49271,55.96104653412894,1932.414803068258,1708.570616931742,0,1
2019-06-13,1870.748,1820.4741099999999,55.943392731423735,1932.3608954628473,1708.5873245371524,0,1
2019-06-14,1870.17,1818.5896099999998,53.42282260299186,1925.4352552059836,1711.743964794016,0,1
2019-06-17,1886.0,1819.49011,54.44142466200376,1928.3729593240075,1710.6072606759924,0,1
2019-06-18,1902.15,1821.69561,56.92228518184567,1935.5401803636914,1707.8510396363085,0,1
2019-06-19,1909.03,1824.2416099999998,59.707369735430184,1943.6563494708603,1704.8268705291393,0,1
2019-06-20,1917.95,1827.1678600000002,62.8727045859095,1952.9132691718191,1701.4224508281814,0,1
2019-06-21,1911.1,1831.9393599999999,65.51963215322877,1962.9786243064573,1700.9000956935424,0,1
2019-06-24,1913.96,1836.4723600000002,67.98041777530446,1972.433195550609,1700.5115244493913,0,1
2019-06-25,1878.64,1838.5763599999998,68.63134648233716,1975.839052964674,1701.3136670353256,0,1
2019-06-26,1897.75,1842.45386,69.72053296388434,1981.8949259277688,1703.0127940722314,0,1
2019-06-27,1903.67,1846.84686,70.71427056132808,1988.2754011226561,1705.418318877344,0,1
2019-06-28,1889.83,1852.5848600000002,69.22381434319192,1991.032488686384,1714.1372313136162,0,1
2019-07-01,1922.26,1864.05986,59.7027371902676,1983.4653343805353,1744.6543856194648,0,1
2019-07-02,1934.79,1874.2903600000002,52.670571488707,1979.6315029774141,1768.9492170225863,0,1
2019-07-03,1939.0,1884.26636,43.969298944408656,1972.2049578888175,1796.3277621111827,0,1
2019-07-05,1943.1,1893.6899,33.72663133563324,1961.1431626712665,1826.2366373287337,0,1
2019-07-08,1952.33,1901.1054,28.93768724685995,1958.9807744937198,1843.23002550628,0,1
2019-07-09,1987.35,1907.4414000000002,33.172103232705744,1973.7856064654115,1841.0971935345888,-1,0
2019-07-10,2017.77,1915.1449,39.722452807438444,1994.589805614877,1835.699994385123,0,0
2019-07-11,2001.07,1922.4334,41.497531944837995,2005.4284638896759,1839.438336110324,0,0
2019-07-12,2010.02,1929.3970000000002,43.979095165498784,2017.3551903309976,1841.4388096690027,0,0
2019-07-15,2021.0,1936.9385000000002,46.16608635359476,2029.2706727071898,1844.6063272928106,0,0
2019-07-16,2010.0,1943.1385000000002,47.2781773709959,2037.694854741992,1848.5821452580085,0,0
2019-07-17,1992.16,1947.639,47.45482914805101,2042.5486582961018,1852.729341703898,0,0
2019-07-18,1978.67,1951.1210000000003,47.02576951995992,2045.1725390399201,1857.0694609600805,0,0
2019-07-19,1965.0,1953.4735,46.45238833299238,2046.378276665985,1860.5687233340152,0,0
2019-07-22,1985.92,1957.2145,45.869393244035436,2048.9532864880707,1865.4757135119291,0,0
2019-07-23,1994.47,1961.2400000000002,45.40400573560792,2052.048011471216,1870.4319885287844,0,0
2019-07-24,2001.04,1967.36,41.78966316405799,2050.939326328116,1883.780673671884,0,0
2019-07-25,1975.02,1971.2235,38.45416537217631,2048.1318307443526,1894.3151692556473,0,0
2019-07-26,1943.05,1973.1925000000003,35.72443169224446,2044.6413633844893,1901.7436366155114,0,0
2019-07-29,1912.87,1974.3445,33.175308585359666,2040.6951171707192,1907.9938828292807,0,0
2019-07-30,1899.22,1973.1924999999999,35.40426243662207,2044.001024873244,1902.3839751267558,1,1
2019-07-31,1866.39,1969.7724999999998,41.998664248773565,2053.7698284975468,1885.7751715024526,0,1
2019-08-01,1855.33,1965.589,48.83590880098431,2063.2608176019685,1867.9171823980314,0,1
2019-08-02,1823.52,1959.61,58.163494881575964,2075.936989763152,1843.283010236848,0,1
2019-08-05,1765.13,1950.25,72.65423905477637,2095.5584781095527,1804.9415218904473,0,1
2019-08-06,1787.44,1940.2544999999998,80.59862095429337,2101.4517419085864,1779.0572580914131,0,1
2019-08-07,1793.39,1929.0355,84.75035342107441,2098.5362068421487,1759.5347931578513,0,1
2019-08-08,1834.26,1920.6950000000002,85.49298927857474,2091.6809785571495,1749.7090214428506,0,1
2019-08-09,1807.88,1910.5880000000002,86.32167890175721,2083.2313578035146,1737.9446421964858,0,1
2019-08-12,1784.75,1898.7755000000002,86.58154115141936,2071.9385823028388,1725.6124176971614,0,1
2019-08-13,1824.29,1889.4899999999998,83.94349358816623,2057.3769871763325,1721.6030128236673,0,1
2019-08-14,1762.96,1878.0300000000002,84.82979001318604,2047.6895800263724,1708.370419973628,0,1
2019-08-15,1775.41,1867.8669999999997,84.31223162180953,2036.491463243619,1699.2425367563806,0,1
2019-08-16,1791.8,1859.2069999999999,82.68963927333897,2024.586278546678,1693.8277214533218,0,1
2019-08-19,1816.83,1850.7524999999998,77.53573260284696,2005.8239652056936,1695.681034794306,0,1
2019-08-20,1801.35,1841.0965,70.39180845544891,1981.8801169108979,1700.3128830891023,0,1
2019-08-21,1823.38,1832.2134999999998,59.51511292142242,1951.2437258428447,1713.183274157155,0,1
2019-08-22,1804.25,1823.675,49.326551993586364,1922.3281039871727,1725.0218960128273,0,1
2019-08-23,1750.77,1814.0609999999997,43.19188177859334,1900.4447635571864,1727.677236442813,0,1
2019-08-26,1770.0,1806.9175,37.418540137873784,1881.7545802757477,1732.0804197242524,0,1
2019-08-27,1761.92,1800.0525000000002,31.760000310672,1863.5725006213443,1736.5324993786562,0,1
2019-08-28,1764.0,1794.9330000000002,28.599032022581195,1852.1310640451627,1737.7349359548377,0,1
2019-08-29,1786.46,1791.4895000000001,24.843752041979556,1841.1770040839592,1741.801995916041,0,1
2019-08-30,1776.19,1789.123,23.86711415089359,1836.8572283017872,1741.3887716982128,0,1
2019-09-03,1789.51,1790.3419999999999,23.190186354467766,1836.7223727089354,1743.9616272910644,0,1
2019-09-04,1800.46,1790.993,23.28698125104501,1837.56696250209,1744.4190374979098,0,1
2019-09-05,1840.73,1793.3600000000001,25.81243702675525,1844.9848740535106,1741.7351259464897,0,1
2019-09-06,1833.51,1793.3225000000002,25.750360830322062,1844.8232216606443,1741.8217783393561,0,1
2019-09-09,1831.29,1794.4929999999997,26.950978324146725,1848.3949566482931,1740.5910433517063,0,1
2019-09-10,1821.31,1796.321,27.489848059107878,1851.3006961182157,1741.3413038817841,0,1
2019-09-11,1822.49,1796.2310000000002,27.396247130567954,1851.0234942611362,1741.4385057388643,0,1
2019-09-12,1843.0,1800.2329999999997,28.11685448823957,1856.466708976479,1743.9992910235205,0,1
2019-09-13,1839.34,1803.4295000000002,28.772626332152587,1860.9747526643055,1745.884247335695,0,1
2019-09-16,1808.23,1804.2509999999997,28.657431092810015,1861.5658621856198,1746.9361378143797,0,1
2019-09-17,1822.62,1804.5405000000003,28.819977989457904,1862.1804559789161,1746.9005440210844,0,1
2019-09-18,1817.59,1805.3524999999997,28.953824195145003,1863.2601483902897,1747.4448516097098,0,1
2019-09-19,1821.54,1805.2604999999999,28.896393778776282,1863.0532875575525,1747.4677124424472,0,1
2019-09-20,1794.89,1804.7925,28.98926804593647,1862.771036091873,1746.813963908127,0,1
2019-09-23,1784.29,1806.4685000000002,26.56958892273954,1859.6076778454792,1753.3293221545212,0,1
2019-09-24,1742.34,1805.0855000000004,29.16123715423387,1863.407974308468,1746.7630256915327,0,1
2019-09-25,1768.08,1805.3934999999997,28.710374665233854,1862.8142493304674,1747.972750669532,0,1
2019-09-26,1740.12,1804.1995,30.932968185845393,1866.0654363716908,1742.333563628309,0,1
2019-09-27,1725.85,1801.1689999999999,35.40769882082883,1871.9843976416576,1730.3536023583422,0,1
2019-09-30,1736.12,1799.1655000000003,37.93868966395785,1875.042879327916,1723.2881206720847,0,1
2019-10-01,1736.11,1796.4955000000002,40.44992270823657,1877.3953454164734,1715.595654583527,0,1
2019-10-02,1713.23,1792.134,44.49997118860326,1881.1339423772065,1703.1340576227935,0,1
2019-10-03,1724.25,1786.31,45.41793524701785,1877.1458704940355,1695.4741295059644,0,1
2019-10-04,1739.4,1781.6045,45.1447155472171,1871.893931094434,1691.3150689055658,0,1
2019-10-07,1732.5,1776.6650000000002,44.82568066817791,1866.316361336356,1687.0136386636443,0,1
2019-10-08,1705.25,1770.8619999999999,46.2322064320532,1863.3264128641063,1678.3975871358934,0,1
2019-10-09,1721.79,1765.827,45.79502824080337,1857.4170564816068,1674.2369435183932,0,1
2019-10-10,1720.56,1759.705,43.036312268609144,1845.7776245372181,1673.6323754627817,0,1
2019-10-11,1729.98,1754.2369999999999,39.15839710978414,1832.553794219568,1675.9202057804316,0,1
2019-10-14,1736.5,1750.6505000000002,37.188225849576725,1825.0269516991536,1676.2740483008467,0,1
2019-10-15,1767.35,1747.887,33.421427431753514,1814.729854863507,1681.044145136493,0,1
2019-10-16,1777.42,1745.8785,30.04895379117859,1805.9764075823573,1685.7805924176428,0,1
2019-10-17,1787.47,1744.175,26.260842272081106,1796.696684544162,1691.6533154558379,0,1
2019-10-18,1757.79,1742.3200000000002,23.672704023547627,1789.6654080470955,1694.9745919529048,0,1
2019-10-21,1785.835,1742.39725,23.818940245210516,1790.0351304904211,1694.7593695095788,0,1
2019-10-22,1765.34,1743.5472499999996,24.365001726692995,1792.2772534533856,1694.8172465466137,0,1
2019-10-23,1761.99,1743.2427500000001,24.07864053875102,1791.4000310775023,1695.085468922498,0,1
2019-10-24,1781.5935,1745.3164249999998,25.537241712716906,1796.3909084254335,1694.241941574566,0,1
2019-10-25,1762.0,1747.1239249999999,25.365665168201463,1797.8552553364027,1696.392594663597,0,1
2019-10-28,1777.04,1749.1699249999997,26.07184938535584,1801.3136237707113,1697.026226229288,0,1
2019-10-29,1763.04,1750.5164249999998,26.057266257611314,1802.6309575152225,1698.4018924847771,0,1
2019-10-30,1780.0,1753.854925,25.294823094314857,1804.4445711886299,1703.2652788113703,0,1
2019-10-31,1777.1431,1756.4995800000002,24.796791962793954,1806.093163925588,1706.9059960744123,0,1
2019-11-01,1791.47,1759.10308,25.62657680393916,1810.3562336078785,1707.8499263921217,0,1
2019-11-04,1805.27,1762.7415799999999,26.79021259505418,1816.3220051901083,1709.1611548098915,0,1
2019-11-05,1801.7,1767.56408,24.477638473852636,1816.5193569477053,1718.608803052295,0,1
2019-11-06,1795.94,1771.2715799999999,22.73295339471123,1816.7374867894223,1725.8056732105774,0,1
2019-11-07,1788.2,1774.6535800000001,19.608141177738396,1813.869862355477,1735.4372976445234,0,1
2019-11-08,1785.88,1777.4485799999998,16.66886171164412,1810.786303423288,1744.1108565767115,0,1
2019-11-11,1771.9,1779.21858,13.708450333695357,1806.6354806673908,1751.8016793326092,0,1
2019-11-12,1778.23,1779.76258,13.42563529747725,1806.6138505949546,1752.9113094050456,0,1
2019-11-13,1753.4,1778.56158,14.663517031406135,1807.8886140628124,1749.2345459371877,0,1
2019-11-14,1754.65,1776.92058,15.430492699566866,1807.7815653991338,1746.0595946008661,0,1
2019-11-15,1739.08,1775.98508,17.125433828813474,1810.2359476576269,1741.734212342373,0,1
2019-11-18,1752.86,1774.33633,17.704757110398983,1809.745844220798,1738.9268157792021,0,1
2019-11-19,1753.16,1773.7273300000002,18.23212237728584,1810.1915747545718,1737.2630852454286,0,1
2019-11-20,1746.6335,1772.959505,19.05713714230762,1811.0737792846153,1734.8452307153848,0,1
2019-11-21,1735.0,1770.6298300000003,20.72139179844183,1812.072613596884,1729.1870464031167,0,1
2019-11-22,1745.85,1769.8223300000002,21.379614450792396,1812.581558901585,1727.0631010984155,0,1
2019-11-25,1773.69,1769.6548300000002,21.333163401054936,1812.32115680211,1726.9885031978904,0,1
2019-11-26,1796.99,1771.3523300000002,22.115484895651676,1815.5832997913035,1727.1213602086968,0,1
2019-11-27,1818.23,1773.2638300000003,24.432997397206634,1822.1298247944137,1724.397835205587,0,1
2019-11-29,1800.96,1774.4546750000002,25.200378793186676,1824.8554325863736,1724.0539174136268,0,1
2019-12-02,1781.61,1773.961675,24.945138906346738,1823.8519528126935,1724.0713971873065,0,1
2019-12-03,1770.33,1772.214675,23.83592690289363,1819.8865288057873,1724.5428211942126,0,1
2019-12-04,1760.48,1770.153675,22.916600053330217,1815.9868751066604,1724.3204748933397,0,1
2019-12-05,1740.48,1767.3806749999999,22.987459342091043,1813.355593684182,1721.4057563158178,0,1
2019-12-06,1751.59,1765.5501749999999,22.698167062077264,1810.9465091241543,1720.1538408758454,0,1
2019-12-09,1749.42,1763.727175,22.442139817975114,1808.6114546359502,1718.8428953640498,0,1
2019-12-10,1739.49,1762.1066749999998,22.9845123267607,1808.0756996535213,1716.1376503464783,0,1
2019-12-11,1748.9,1760.640175,22.836847581302532,1806.313870162605,1714.966479837395,0,1
2019-12-12,1760.18,1760.979175,22.773950664579402,1806.5270763291587,1715.4312736708412,0,1
2019-12-13,1760.93,1761.293175,22.72533456482486,1806.7438441296497,1715.8425058703504,0,1
2019-12-16,1769.21,1762.7996749999998,22.167111627341413,1807.1338982546827,1718.4654517453168,0,1
2019-12-17,1790.66,1764.689675,22.875169818272543,1810.4400146365451,1718.939335363455,0,1
2019-12-18,1782.36,1766.1496750000001,23.03186519183387,1812.2134053836678,1720.0859446163324,0,1
2019-12-19,1792.29,1768.4325000000001,23.257233368232267,1814.9469667364647,1721.9180332635356,0,1
2019-12-20,1786.57,1771.011,22.189782831346367,1815.3905656626928,1726.6314343373072,0,1
2019-12-23,1793.0,1773.3685,21.878404222265456,1817.125308444531,1729.6116915554692,0,1
2019-12-24,1789.63,1774.1654999999998,22.179003459820706,1818.5235069196412,1729.8074930803584,0,1
2019-12-26,1869.02,1777.7669999999998,30.403651113800308,1838.5743022276004,1716.9596977723993,-1,0
2019-12-27,1869.26,1780.3184999999999,35.664201168637774,1851.6469023372754,1708.9900976627243,0,0
2019-12-30,1847.18,1782.6294999999998,38.46005713036255,1859.5496142607249,1705.7093857392747,0,0
2019-12-31,1847.64,1785.9309999999998,41.11067960873197,1868.1523592174638,1703.7096407825359,0,0
2020-01-02,1897.71,1792.3,47.87678373752477,1888.0535674750495,1696.5464325249504,0,0
2020-01-03,1874.93,1798.0224999999998,50.63377610737551,1899.2900522147509,1696.7549477852488,0,0
2020-01-06,1903.33,1806.1650000000002,53.883075411362555,1913.9311508227254,1698.398849177275,0,0
2020-01-07,1906.86,1813.9285,56.71718585502028,1927.3628717100405,1700.4941282899595,0,0
2020-01-08,1892.09,1821.062,57.147123756855414,1935.3562475137107,1706.767752486289,0,0
2020-01-09,1901.0,1829.1375,56.42036771785707,1941.9782354357142,1716.296764564286,0,0
2020-01-10,1882.98,1835.8415,54.31098854353619,1944.4634770870723,1727.2195229129277,0,0
2020-01-13,1891.41,1842.4030000000002,52.588830122768464,1947.5806602455373,1737.2253397544632,0,0
2020-01-14,1869.2,1847.8165000000001,49.22570245145627,1946.2679049029127,1749.3650950970875,0,0
2020-01-15,1862.01,1852.4565000000002,45.67165852435877,1943.7998170487178,1761.1131829512826,0,0
2020-01-16,1877.95,1856.821,43.578266782728925,1943.9775335654579,1769.664466434542,0,0
2020-01-17,1864.71,1860.9384999999997,39.908422178616675,1940.755344357233,1781.1216556427664,0,0
2020-01-21,1892.55,1865.9515,37.02419412033702,1939.999888240674,1791.9031117593258,0,0
2020-01-22,1887.46,1870.9959999999999,32.19781087683461,1935.3916217536691,1806.6003782463306,0,0
2020-01-23,1884.58,1875.575,26.536058585638127,1928.6471171712762,1822.5028828287238,0,0
2020-01-24,1861.64,1879.1755,17.662709595654583,1914.5009191913093,1843.8500808086908,0,0
2020-01-27,1828.89,1877.1690000000003,20.86602801829863,1918.9010560365975,1835.436943963403,1,1
2020-01-28,1853.33,1876.3725000000002,21.4788620385473,1919.3302240770947,1833.4147759229056,0,1
2020-01-29,1858.0,1876.9135,20.831380497180643,1918.5762609943613,1835.250739005639,0,1
2020-01-30,1870.8896,1878.07598,19.731492632871387,1917.538965265743,1838.6129947342572,0,1
2020-01-31,2007.75,1883.57798,34.95991755267008,1953.4978151053401,1813.65814489466,-1,0
2020-02-03,2003.25,1889.99398,43.916802061757714,1977.8275841235154,1802.1603758764845,0,0
2020-02-04,2049.78,1897.31648,56.62729823211123,2010.5710764642224,1784.0618835357775,0,0
2020-02-05,2039.62,1903.9544799999999,64.9713780492291,2033.897236098458,1774.0117239015417,0,0
2020-02-06,2050.37,1911.8684800000003,72.63768415835922,2057.143848316719,1766.593111683282,0,0
2020-02-07,2079.21,1920.7789800000003,81.61061279389361,2084.0002055877876,1757.557754412213,0,0
2020-02-10,2134.55,1933.3574800000001,93.93459738985877,2121.2266747797175,1745.4882852202827,0,0
2020-02-11,2152.27,1946.4004799999998,105.23436663579534,2156.8692132715905,1735.931746728409,0,0
2020-02-12,2161.34,1961.0074799999998,113.87503785177108,2188.757555703542,1733.2574042964575,0,0
2020-02-13,2151.12,1975.4629799999998,118.88650055686776,2213.2359811137353,1737.6899788862643,0,0
2020-02-14,2135.48,1988.33948,121.68262875086691,2231.7047375017337,1744.9742224982663,0,0
2020-02-18,2155.67,2002.88748,123.50345172527844,2249.894383450557,1755.8805765494433,0,0
2020-02-19,2170.21,2016.77048,126.02770405528969,2268.8258881105794,1764.7150718894204,0,0
2020-02-20,2153.59,2030.0769800000003,125.70512353367357,2281.4872270673472,1778.666732932653,0,0
2020-02-21,2095.97,2040.6464799999999,121.64919708137194,2283.944874162744,1797.348085837256,0,0
2020-02-24,2008.74,2048.00148,114.49311607536825,2276.9877121507366,1819.0152478492635,0,0
2020-02-25,1970.65,2055.0894799999996,104.13387508261395,2263.3572301652275,1846.8217298347718,0,0
2020-02-26,1979.61,2061.40348,94.65348078397042,2250.710441567941,1872.0965184320592,0,0
2020-02-27,1882.88,2062.64748,91.9648255358959,2246.577131071792,1878.7178289282083,0,0
2020-02-28,1889.18,2063.5620000000004,90.02812680956865,2243.6182536191377,1883.505746380863,0,0
2020-03-02,1954.0,2060.8745000000004,92.54887985757796,2245.9722597151563,1875.7767402848444,0,0
2020-03-03,1908.88,2056.156,97.89281686457828,2251.9416337291564,1860.3703662708433,0,0
2020-03-04,1976.46,2052.49,99.50378892546736,2251.4975778509347,1853.482422149065,0,0
2020-03-05,1924.03,2046.7105,103.56471622663241,2253.8399324532647,1839.581067546735,0,0
2020-03-06,1901.14,2039.2489999999998,108.5432868733059,2256.3355737466118,1822.162426253388,0,0
2020-03-09,1800.01,2025.289,120.43605924874005,2266.16111849748,1784.4168815025198,0,0
2020-03-10,1894.0,2013.2614999999998,120.96055539218997,2255.18261078438,1771.3403892156198,0,0
2020-03-11,1819.63,1996.6294999999998,123.67933697457812,2243.988173949156,1749.2708260508434,0,0
2020-03-12,1676.21,1972.3730000000003,136.57589770024978,2245.5247954005,1699.2212045995007,1,1
2020-03-13,1786.31,1954.1325000000002,135.80581608639676,2225.744132172794,1682.5208678272065,0,1
2020-03-16,1688.0,1931.7585,141.11377422695628,2213.9860484539126,1649.5309515460874,0,1
2020-03-17,1807.38,1914.3439999999998,133.30163727030802,2180.947274540616,1647.7407254593838,0,1
2020-03-18,1832.39,1897.453,119.90349936071398,2137.259998721428,1657.646001278572,0,1
2020-03-19,1880.5,1883.7985,103.64729362880772,2091.0930872576155,1676.5039127423847,0,1
2020-03-20,1846.09,1871.3045000000002,91.01638166458335,2053.337263329167,1689.2717366708334,0,1
2020-03-23,1902.54,1865.9945,85.5074237143212,2037.0093474286425,1694.9796525713575,0,1
2020-03-24,1940.0,1864.4620000000002,83.7904466103099,2032.04289322062,1696.8811067793804,0,1
2020-03-25,1885.78,1859.7705,79.52197038189097,2018.814440763782,1700.7265592362182,0,1
2020-03-26,1955.225,1863.3877499999999,82.22784594415519,2027.8434418883103,1698.9320581116895,0,1
2020-03-27,1899.92,1863.9247499999997,82.43994690672807,2028.8046438134559,1699.0448561865435,0,1
2020-03-30,1964.78,1864.4637499999997,83.0925205462019,2030.6487910924034,1698.278708907596,0,1
2020-03-31,1949.79,1866.5092499999998,84.73086081473029,2035.9709716294603,1697.0475283705393,0,1
2020-04-01,1906.58,1863.01525,81.33083624881466,2025.6769224976292,1700.3535775023706,0,1
2020-04-02,1918.83,1862.7552500000002,81.13358969972353,2025.0224293994472,1700.488070600553,0,1
2020-04-03,1906.6,1863.02825,81.27860165851209,2025.5854533170243,1700.4710466829758,0,1
2020-04-06,1998.49,1872.9522499999998,85.20158171984312,2043.3554134396861,1702.5490865603135,0,1
2020-04-07,2011.6,1878.8322500000002,90.61648038318859,2060.0652107663773,1697.599289233623,0,1
2020-04-08,2042.9,1889.9957499999996,96.50100336639534,2082.99775673279,1696.9937432672089,0,1
2020-04-09,2042.82,1908.3262499999996,88.21838609045908,2084.7630221809177,1731.8894778190815,0,1
2020-04-13,2168.01,1927.4112499999999,100.82035338939879,2129.0519567787974,1725.7705432212024,-1,0
2020-04-14,2283.31,1957.1767499999999,113.4985748377261,2184.173899675452,1730.1796003245477,0,0
2020-04-15,2309.27,1982.2712500000002,132.5245786724117,2247.3204073448237,1717.2220926551768,0,0
2020-04-16,2408.19,2011.0612500000002,158.28981175341602,2327.640873506832,1694.4816264931683,0,0
2020-04-17,2372.87,2035.67975,174.3854693252108,2384.4506886504214,1686.9088113495784,0,0
2020-04-20,2393.08,2063.02925,185.61793083667828,2434.265111673357,1691.7933883266435,0,0
2020-04-21,2329.36,2084.37025,190.6626687888032,2465.695587577606,1703.0449124223935,0,0
2020-04-22,2366.54,2105.69725,197.40060687179542,2500.498463743591,1710.8960362564094,0,0
2020-04-23,2399.44,2131.3802499999997,200.6701756907943,2532.7206013815885,1730.0398986184111,0,0
2020-04-24,2410.0,2154.1189999999997,205.36990334259147,2564.8588066851826,1743.3791933148168,0,0
2020-04-27,2376.82,2177.964,201.95961947613546,2581.883238952271,1774.044761047729,0,0
2020-04-28,2314.08,2195.429,197.61015491431922,2590.6493098286387,1800.2086901713617,0,0
2020-04-29,2371.88,2216.5335000000005,192.46792376023873,2601.469347520478,1831.597652479523,0,0
2020-04-30,2471.5,2244.7795,185.92785039462643,2616.635200789253,1872.9237992107473,0,0
2020-05-01,2285.94,2263.1349999999998,169.4459653197918,2602.0269306395835,1924.243069360416,0,0
2020-05-04,2315.99,2283.6045000000004,147.40263589283646,2578.4097717856735,1988.7992282143275,0,0
2020-05-05,2317.64,2299.5620000000004,131.30889762612333,2562.179795252247,2036.9442047477537,0,0
2020-05-06,2350.97,2316.5305,112.75510829715678,2542.0407165943134,2091.0202834056863,0,0
2020-05-07,2367.61,2332.766,92.91314848880967,2518.5922969776193,2146.939703022381,0,0
2020-05-08,2379.5,2349.6,63.44161128237237,2476.4832225647447,2222.716777435255,0,0
2020-05-11,2406.9375,2361.546375,48.08450132916086,2457.715377658322,2265.377372341678,0,0
2020-05-12,2357.505,2365.2561250000003,44.45602412018065,2454.1681732403617,2276.344076759639,0,0
2020-05-13,2366.17,2368.101125,42.460465826527056,2453.0220566530543,2283.180193346946,0,0
2020-05-14,2391.37,2367.260125,41.785863279915304,2450.8318515598303,2283.6883984401693,0,0
2020-05-15,2410.41,2369.137125,42.87993486463278,2454.8969947292658,2283.3772552707346,0,0
2020-05-18,2426.38,2370.8021249999997,44.475379611946394,2459.7528842238926,2281.851365776107,0,0
2020-05-19,2448.59,2376.763625,46.56960979256783,2469.902844585136,2283.624405414864,0,0
2020-05-20,2497.35,2383.3041249999997,53.698393140179924,2490.7009112803594,2275.90733871964,0,0
2020-05-21,2448.01,2385.732625,55.53347148266784,2496.799567965336,2274.6656820346643,0,0
2020-05-22,2436.89,2387.0771250000003,56.46954491997362,2500.0162148399477,2274.138035160053,0,0
2020-05-26,2423.7,2389.421125,56.99192934826254,2503.404983696525,2275.4372663034746,0,0
2020-05-27,2409.51,2394.192625,54.28261994967199,2502.757864899344,2285.6273851006563,0,0
2020-05-28,2401.05,2395.651125,54.042906762716704,2503.7369385254333,2287.5653114745664,0,0
2020-05-29,2436.53,2393.9026249999997,51.98631661738147,2497.8752582347624,2289.929991765237,0,0
2020-06-01,2470.12,2403.1116250000005,48.016450814941805,2499.1445266298842,2307.0787233701167,0,0
2020-06-02,2473.3,2410.977125,45.82858224773541,2502.6342894954705,2319.3199605045293,0,0
2020-06-03,2478.4,2419.015125,42.57918712971119,2504.1734992594224,2333.8567507405774,0,0
2020-06-04,2460.6,2424.496625,40.35694833764056,2505.210521675281,2343.7827283247193,0,0
2020-06-05,2481.415,2430.1868750000003,39.93482631996746,2510.056527639935,2350.3172223600654,0,0
2020-06-08,2522.8,2437.3518750000003,43.09249772042636,2523.536870440853,2351.1668795591477,0,0
2020-06-09,2603.39,2447.1745,56.19339226231301,2559.561284524626,2334.787715475374,0,0
2020-06-10,2648.16,2461.70725,68.10471228527,2597.9166745705397,2325.49782542946,0,0
2020-06-11,2558.47,2471.32225,67.47845037052069,2606.2791507410416,2336.3653492589588,0,0
2020-06-12,2566.705,2480.089,67.9325798242487,2615.9541596484974,2344.2238403515025,0,0
2020-06-15,2572.62,2488.1994999999997,68.85266166356183,2625.9048233271233,2350.494176672876,0,0
2020-06-16,2615.13,2497.637,72.75823862555926,2643.1534772511186,2352.1205227488817,0,0
2020-06-17,2641.72,2507.2935,78.49599631257895,2664.285492625158,2350.3015073748425,0,0
2020-06-18,2655.0,2515.1760000000004,85.0840043504946,2685.3440087009894,2345.0079912990113,0,0
2020-06-19,2671.86,2526.3685,90.34426300633126,2707.0570260126624,2345.6799739873377,0,0
2020-06-22,2712.0,2540.1240000000003,96.72206723934288,2733.568134478686,2346.6798655213147,0,0
2020-06-23,2764.42,2557.1600000000003,104.80499421858346,2766.7699884371673,2347.5500115628333,0,0
2020-06-24,2733.49,2573.359,105.81544107548531,2784.9898821509705,2361.7281178490293,0,0
2020-06-25,2756.16,2591.1145,105.17201507530226,2801.4585301506045,2380.770469849396,0,0
2020-06-26,2692.87,2603.9314999999997,100.87360687226727,2805.6787137445344,2402.184286255465,0,0
2020-06-29,2681.52,2614.5015,97.1201552351234,2808.7418104702465,2420.261189529753,0,0
2020-06-30,2756.09,2628.641,96.06058861879453,2820.762177237589,2436.519822762411,0,0
2020-07-01,2879.2,2648.6809999999996,104.50397107287309,2857.688942145746,2439.6730578542533,0,0
2020-07-02,2887.56,2670.029,107.62373330265028,2885.2764666053004,2454.7815333946996,0,0
2020-07-06,3057.16,2698.81625,129.32935237800146,2957.4749547560027,2440.157545243997,0,0
2020-07-07,3000.12,2722.68225,138.83084306255847,3000.3439361251167,2445.020563874883,0,0
2020-07-08,3081.88,2746.60675,157.20432654648698,3061.015403092974,2432.198096907026,0,0
2020-07-09,3183.81,2773.38925,183.05300907743373,3139.4952681548675,2407.283231845133,0,0
2020-07-10,3203.36,2805.63375,199.28161569732094,3204.1969813946416,2407.0705186053583,0,0
2020-07-13,3101.55,2832.3759999999997,201.4064502024662,3235.188900404932,2429.5630995950673,0,0
2020-07-14,3084.02,2857.9460000000004,199.14311577884368,3256.2322315576876,2459.659768442313,0,0
2020-07-15,3008.87,2877.633,193.2503850639609,3264.1337701279217,2491.132229872078,0,0
2020-07-16,2994.55,2895.2745,186.56996798083344,3268.4144359616666,2522.1345640383333,0,0
2020-07-17,2961.47,2910.598,178.19453029587996,3266.98706059176,2554.20893940824,0,0
2020-07-20,3195.01,2936.7554999999998,179.69602679833025,3296.14755359666,2577.3634464033394,0,0
2020-07-21,3141.43,2958.227,177.06357597737534,3312.3541519547507,2604.099848045249,0,0
2020-07-22,3100.23,2975.0175,173.60632564497314,3322.230151289946,2627.8048487100536,0,0
2020-07-23,2987.725,2987.72925,164.03435861424873,3315.7979672284973,2659.6605327715024,0,0
2020-07-24,3008.92,3000.36725,154.72700828671256,3309.821266573425,2690.9132334265746,0,0
2020-07-27,3053.89,3018.4182499999997,137.00976699025838,3292.4377839805165,2744.398716019483,0,0
2020-07-28,2999.62,3034.32325,112.02805372663393,3258.379357453268,2810.267142546732,0,0
2020-07-29,3034.27,3048.23225,90.95182861035337,3230.135907220707,2866.328592779293,0,0
2020-07-30,3052.65,3056.90475,81.7942982422096,3220.4933464844194,2893.316153515581,0,0
2020-07-31,3164.68,3070.76075,74.76768325031732,3220.2961165006345,2921.2253834993653,0,0
2020-08-03,3111.42,3073.47375,75.23119088018858,3223.936131760377,2923.011368239623,0,0
2020-08-04,3138.82,3080.40875,74.50269680522574,3229.4141436104514,2931.4033563895487,0,0
2020-08-05,3205.83,3086.60625,79.61173215701874,3245.829714314037,2927.3827856859625,0,0
2020-08-06,3224.35,3088.63325,82.67409927056234,3253.9814485411243,2923.2850514588754,0,0
2020-08-07,3165.75,3086.7527499999997,80.3214487556019,3247.3956475112036,2926.1098524887957,0,0
2020-08-10,3149.87,3089.16875,81.5079121098963,3252.1845742197925,2926.152925780207,0,0
2020-08-11,3080.67,3089.00125,81.52249059834153,3252.046231196683,2925.9562688033166,0,0
2020-08-12,3161.0,3096.60775,80.74587782334136,3258.0995056466827,2935.1159943533175,0,0
2020-08-13,3161.02,3104.93125,78.21212030644881,3261.3554906128975,2948.5070093871027,0,0
2020-08-14,3148.0,3114.2577499999998,70.99284412559464,3256.243438251189,2972.2720617488103,0,0
2020-08-17,3181.16,3113.56525,70.22710845377172,3254.0194669075436,2973.1110330924566,0,0
2020-08-18,3312.49,3122.1182500000004,83.04615842814513,3288.210566856291,2956.02593314371,0,0
2020-08-19,3260.15,3130.1142499999996,88.3568042725152,3306.82785854503,2953.4006414549694,0,0
2020-08-20,3296.05,3145.5305,89.10027813029744,3323.731056260595,2967.329943739405,0,0
2020-08-21,3284.59,3159.314,88.17260288178551,3335.6592057635708,2982.968794236429,0,0
2020-08-24,3307.45,3171.992,90.41692061021162,3352.8258412204236,2991.1581587795768,0,0
2020-08-25,3346.05,3189.3135,88.82643183405617,3366.9663636681125,3011.660636331888,0,0
2020-08-26,3442.06,3209.703,97.72147235356859,3405.145944707137,3014.260055292863,0,0
2020-08-27,3400.7,3227.1055,99.25976184129934,3425.625023682599,3028.585976317401,0,0
2020-08-28,3401.8,3238.9615000000003,105.38336946972007,3449.7282389394404,3028.1947610605603,0,0
2020-08-31,3441.91,3255.486,110.13568523465678,3475.7573704693136,3035.214629530686,0,0
2020-09-01,3500.47,3273.5685,119.28166194592181,3512.1318238918434,3035.0051761081563,0,0
2020-09-02,3529.34,3289.744,130.97444557503007,3551.6928911500604,3027.79510884994,0,0
2020-09-03,3369.17,3296.9849999999997,131.17189908867164,3559.328798177343,3034.6412018226565,0,0
2020-09-04,3294.62,3303.4284999999995,127.49981821556598,3558.4281364311314,3048.4288635688677,0,0
2020-09-08,3149.84,3303.4270000000006,127.50172003381489,3558.4304400676306,3048.4235599323706,0,0
2020-09-09,3268.27,3312.807,116.69409609835849,3546.1951921967166,3079.418807803283,0,0
2020-09-10,3176.12,3313.5630000000006,115.7036298434486,3544.970259686898,3082.1557403131033,0,0
2020-09-11,3117.28,3311.376,119.10218060667717,3549.5803612133545,3073.171638786646,0,0
2020-09-14,3102.97,3309.1245000000004,122.72374142872904,3554.5719828574584,3063.6770171425424,0,0
2020-09-15,3153.28,3307.7305,124.40065740540567,3556.5318148108113,3058.929185189189,0,0
2020-09-16,3077.14,3295.9629999999997,134.6368981293653,3565.2367962587305,3026.689203741269,0,0
2020-09-17,3010.56,3283.4835,148.93876089733624,3581.3610217946725,2985.605978205327,0,0
2020-09-18,2952.64,3266.313,166.2077518332883,3598.7285036665767,2933.8974963334235,0,0
2020-09-21,2962.0,3250.1835,179.46476805021652,3609.113036100433,2891.253963899567,0,0
2020-09-22,3129.0,3241.261,180.89808485501644,3603.0571697100327,2879.4648302899673,0,0
2020-09-23,2997.44,3223.8304999999996,186.9632280050138,3597.7569560100274,2849.904043989972,0,0
2020-09-24,3018.58,3202.6565,184.91628425275098,3572.489068505502,2832.823931494498,0,0
2020-09-25,3094.65,3187.3540000000003,180.26989378210823,3547.893787564217,2826.8142124357837,0,0
2020-09-28,3175.04,3176.016,173.0593144864741,3522.134628972948,2829.897371027052,0,0
2020-09-29,3142.92,3161.0665,161.4028916546283,3483.8722833092565,2838.2607166907433,0,0
2020-09-30,3147.425,3143.4142500000003,140.2490813111458,3423.912412622292,2862.9160873777087,0,0
2020-10-01,3222.01,3128.0477499999997,109.12144666519299,3346.2906433303856,2909.804856669614,0,0
2020-10-02,3125.93,3115.88575,93.23105786552878,3302.3478657310575,2929.4236342689424,0,0
2020-10-05,3199.2,3111.11475,85.74400582817673,3282.602761656354,2939.6267383436466,0,0
2020-10-06,3099.29,3108.58725,85.28622729984804,3279.159704599696,2938.014795400304,0,0
2020-10-07,3192.51,3104.79925,79.29244313027347,3263.384136260547,2946.214363739453,0,0
2020-10-08,3190.55,3105.52075,80.03771141214604,3265.5961728242924,2945.445327175708,0,0
2020-10-09,3287.82,3114.04775,89.8405639610017,3293.7288779220034,2934.366622077997,0,0
2020-10-12,3442.93,3131.04575,115.98942543992322,3363.0246008798467,2899.0668991201537,0,0
2020-10-13,3442.64,3145.51375,135.34119529695997,3416.19614059392,2874.83135940608,0,0
2020-10-14,3363.05,3159.8092500000002,142.64187170632468,3445.09299341265,2874.5255065873507,0,0
2020-10-15,3338.62,3176.2122499999996,143.43605676467624,3463.0843635293522,2889.340136470647,0,0
2020-10-16,3160.0,3186.58025,133.58075082408305,3453.741751648166,2919.418748351834,0,0
2020-10-19,3207.3,3198.84525,122.69279944423242,3444.2308488884646,2953.459651111535,0,0
2020-10-20,3216.26,3203.20825,121.62520879276511,3446.4586675855303,2959.95783241447,0,0
2020-10-21,3183.6,3212.51625,111.77333039019331,3436.0629107803866,2988.9695892196137,0,0
2020-10-22,3177.4,3220.4572500000004,102.52931870132286,3425.515887402646,3015.3986125973547,0,0
2020-10-23,3204.64,3225.9567500000003,98.28818901946393,3422.533128038928,3029.3803719610723,0,0
2020-10-26,3207.32,3227.57075,97.67117417070283,3422.9130983414057,3032.228401658594,0,0
2020-10-27,3287.92,3234.82075,96.43065125117579,3427.6820525023513,3041.9594474976484,0,0
2020-10-28,3162.49,3235.5739999999996,95.76861151536633,3427.111223030732,3044.036776969267,0,0
2020-10-29,3212.79,3235.1130000000003,95.85948878712281,3426.8319775742457,3043.394022425755,0,0
2020-10-30,3036.13,3230.6230000000005,103.07429487613639,3436.7715897522735,3024.4744102477275,0,0
2020-11-02,3004.48,3220.8869999999997,114.73524503693874,3450.357490073877,2991.416509926122,0,0
2020-11-03,3046.25,3218.2349999999997,118.25283837698225,3454.740676753964,2981.729323246035,0,0
2020-11-04,3241.16,3220.6675000000005,118.19617519304641,3457.0598503860933,2984.2751496139076,0,0
2020-11-05,3322.0,3227.2400000000002,120.07314380476626,3467.3862876095327,2987.0937123904678,0,0
2020-11-06,3310.41,3228.3695,120.77718381928754,3469.923867638575,2986.8151323614247,0,0
2020-11-09,3141.34,3213.29,111.01103164717719,3435.312063294354,2991.2679367056458,0,0
2020-11-10,3035.18,3192.9170000000004,103.8638027266681,3400.6446054533367,2985.189394546664,0,0
2020-11-11,3136.81,3181.605,96.41184457153751,3374.428689143075,2988.781310856925,0,0
2020-11-12,3110.2,3170.184,90.15945251551173,3350.5029050310236,2989.865094968977,0,0
2020-11-13,3134.09,3168.8885,90.49899890549514,3349.8864978109905,2987.8905021890096,0,0
2020-11-16,3132.99,3165.173,90.36431160353636,3345.9016232070726,2984.444376792927,0,0
2020-11-17,3135.66,3161.143,89.76131654796018,3340.6656330959204,2981.6203669040797,0,0
2020-11-18,3105.1,3157.218,90.44136615277878,3338.1007323055574,2976.3352676944423,0,0
2020-11-19,3114.41,3154.0685,90.79763452026562,3335.663769040531,2972.4732309594688,0,0
2020-11-20,3099.205,3148.79675,90.76769026180278,3330.3321305236054,2967.2613694763945,0,0
2020-11-23,3100.18,3143.43975,90.29232260997979,3324.0243952199594,2962.8551047800406,0,0
2020-11-24,3116.86,3134.88675,83.7509563853605,3302.388662770721,2967.384837229279,0,0
2020-11-25,3184.82,3136.00325,84.28544539829444,3304.5741407965893,2967.432359203411,0,0
2020-11-27,3195.95,3135.16125,83.55896701189009,3302.27918402378,2968.04331597622,0,0
2020-11-30,3168.03,3141.7562499999995,80.4798778851579,3302.7160057703154,2980.7964942296835,0,0
2020-12-01,3220.08,3152.53625,75.40378223928079,3303.343814478562,3001.7286855214384,0,0
2020-12-02,3203.75,3160.41125,71.86048101183316,3304.1322120236664,3016.690287976334,0,0
2020-12-03,3188.66,3157.78625,69.68140454344166,3297.1490590868834,3018.423440913117,0,0
2020-12-04,3163.49,3149.86075,58.067370452363676,3265.9954909047274,3033.7260090952723,0,0
2020-12-07,3158.77,3142.27875,44.258896990672866,3230.7965439813456,3053.7609560186543,0,0
2020-12-08,3176.64,3144.04375,44.91844014948169,3233.8806302989633,3054.2068697010363,0,0
2020-12-09,3101.35,3147.35225,38.44899274828019,3224.2502354965604,3070.4542645034394,0,0
2020-12-10,3100.07,3145.51525,39.83198699656025,3225.1792239931206,3065.8512760068793,0,0
2020-12-11,3116.41,3145.82575,39.56551998619954,3224.956789972399,3066.694710027601,0,0
2020-12-14,3156.97,3146.9697499999997,39.53910045018644,3226.0479509003726,3067.891549099627,0,0
2020-12-15,3166.45,3148.64275,39.62424628125185,3227.8912425625035,3069.3942574374964,0,0
2020-12-16,3240.96,3153.90775,44.50372859825091,3242.915207196502,3064.900292803498,0,0
2020-12-17,3237.015,3160.5035,46.61465519782987,3253.7328103956597,3067.27418960434,0,0
2020-12-18,3201.07,3164.8365000000003,46.129752874529906,3257.09600574906,3072.5769942509405,0,0
2020-12-21,3205.74,3170.16325,44.26549393553974,3258.6942378710796,3081.6322621289205,0,0
2020-12-22,3206.52,3175.4802499999996,41.7309637179755,3258.9421774359507,3092.0183225640485,0,0
2020-12-23,3186.73,3178.97375,39.42623067784399,3257.826211355688,3100.1212886443122,0,0
2020-12-24,3171.16,3178.2907499999997,39.43794053138809,3257.1666310627757,3099.4148689372237,0,0
2020-12-28,3283.96,3182.69125,45.893770471537245,3274.4787909430743,3090.9037090569254,0,0
2020-12-29,3320.71,3190.3252500000003,55.101432388387465,3300.528114776775,3080.1223852232256,0,0
2020-12-30,3285.85,3193.61375,58.80858210006812,3311.2309142001363,3075.9965857998636,0,0
2020-12-31,3256.41,3196.24675,60.44245149587311,3317.131652991746,3075.361847008254,0,0
2021-01-04,3186.65,3196.14625,60.45739941818471,3317.061048836369,3075.2314511636305,0,0
2021-01-05,3218.51,3198.89725,60.144209317355866,3319.185668634712,3078.608831365288,0,0
2021-01-06,3138.01,3197.8592500000004,61.0455845697504,3319.9504191395013,3075.7680808604996,0,0
2021-01-07,3161.41,3197.09775,61.41806614197849,3319.933882283957,3074.261617716043,0,0
2021-01-08,3182.7,3201.1652499999996,57.29892557722742,3315.7631011544545,3086.5673988455446,0,0
2021-01-11,3115.75,3201.94925,55.93388616731659,3313.8170223346333,3090.081477665367,0,0
2021-01-12,3120.88,3202.17275,55.58192330803634,3313.3365966160727,3091.0089033839276,0,0
2021-01-13,3166.24,3202.63625,55.22262648578799,3313.081502971576,3092.190997028424,0,0
2021-01-14,3129.32,3200.77975,57.0955464314393,3314.9708428628787,3086.5886571371216,0,0
2021-01-15,3104.54,3193.95875,60.111844525888905,3314.1824390517777,3073.735060948222,0,0
2021-01-19,3121.0,3188.158,61.32373444530098,3310.805468890602,3065.510531109398,0,0
2021-01-20,3264.73,3191.341,63.63767891663512,3318.6163578332703,3064.0656421667295,0,0
2021-01-21,3307.21,3196.4145,68.69031008620398,3333.7951201724077,3059.033879827592,0,0
2021-01-22,3290.0,3200.5885000000003,71.8025415380111,3344.1935830760226,3056.983416923978,0,0
2021-01-25,3293.1,3205.907,74.60671806212915,3355.1204361242585,3056.693563875742,0,0
2021-01-26,3326.12,3213.655,78.740167807275,3371.13533561455,3056.1746643854503,0,0
2021-01-27,3234.98,3211.2059999999997,77.18476706818811,3365.575534136376,3056.8364658636233,0,0
2021-01-28,3239.7,3207.1555,73.15625961455042,3353.4680192291007,3060.842980770899,0,0
2021-01-29,3206.31,3203.1785,70.77632969434075,3344.7311593886816,3061.6258406113184,0,0
2021-02-01,3342.88,3207.502,76.60065669638753,3360.703313392775,3054.300686607225,0,0
2021-02-02,3383.23,3217.331,85.83916747402453,3389.0093349480494,3045.652665051951,0,0
2021-02-03,3311.26,3221.9685,88.37421321172562,3398.7169264234512,3045.2200735765487,0,0
2021-02-04,3330.84,3231.6099999999997,89.24679944137159,3410.103598882743,3053.1164011172564,0,0
2021-02-05,3352.49,3241.1639999999998,91.53463223801944,3424.2332644760386,3058.094735523961,0,0
2021-02-08,3323.49,3248.2035000000005,92.213033915762,3432.6295678315246,3063.7774321684765,0,0
2021-02-09,3305.0,3257.666,87.49519189196992,3432.65638378394,3082.6756162160605,0,0
2021-02-10,3286.59,3265.9515,81.50103688557085,3428.9535737711417,3102.9494262288586,0,0
2021-02-11,3261.65,3270.722,78.07787189724202,3426.877743794484,3114.5662562055163,0,0
2021-02-12,3278.38,3278.175,70.62879340535902,3419.432586810718,3136.9174131892823,0,0
2021-02-16,3267.05,3286.3005,57.781020420131334,3401.8625408402627,3170.738459159737,0,0
2021-02-17,3307.8,3295.6405,42.8138819685006,3381.2682639370014,3210.0127360629986,0,0
2021-02-18,3329.43,3298.8754999999996,42.799722143122565,3384.474944286245,3213.2760557137544,0,0
2021-02-19,3251.0,3296.065,44.05088534867574,3384.1667706973517,3207.9632293026484,0,0
2021-02-22,3182.39,3290.6845000000003,50.87412499960907,3392.4327499992182,3188.9362500007824,1,1
2021-02-23,3195.65,3285.8120000000004,55.12008503929395,3396.0521700785885,3175.5718299214122,0,1
2021-02-24,3159.53,3277.4824999999996,60.98362548777918,3399.449750975558,3155.5152490244413,0,1
2021-02-25,3057.16,3268.5915,78.07405150679912,3424.7396030135983,3112.4433969864017,0,1
2021-02-26,3092.349,3261.2239500000005,87.34585732019268,3435.915664640386,3086.5322353596152,0,1
2021-03-01,3146.61,3258.23895,90.29171674982719,3438.8223834996543,3077.6555165003456,0,1
2021-03-02,3095.99,3245.8944500000002,94.87170533354058,3435.6378606670814,3056.151039332919,0,1
2021-03-03,3005.01,3226.98345,103.37054337697946,3433.724536753959,3020.2423632460414,0,1
2021-03-04,2977.04,3210.2724499999995,115.35025755018515,3440.97296510037,2979.571934899629,0,1
2021-03-05,3000.45,3193.75295,120.70821827578705,3435.169386551574,2952.336513448426,0,1
2021-03-08,2951.951,3173.726,126.09273168293642,3425.911463365873,2921.5405366341274,0,1
2021-03-09,3062.67,3160.685,123.24365863947692,3407.172317278954,2914.197682721046,0,1
2021-03-10,3057.64,3148.317,120.3772781545443,3389.0715563090885,2907.5624436909116,0,1
2021-03-11,3116.48,3139.8115000000003,116.02413411759906,3371.8597682351983,2907.763231764802,0,1
2021-03-12,3091.23,3131.2905,112.81885515635773,3356.9282103127157,2905.6527896872844,0,1
2021-03-15,3081.42,3121.4425,107.78777178399982,3337.018043568,2905.8669564320003,0,1
2021-03-16,3092.42,3112.7110000000002,102.30548958415841,3317.321979168317,2908.1000208316837,0,1
2021-03-17,3135.2,3104.081,91.71418703950597,3287.509374079012,2920.652625920988,0,1
2021-03-18,3027.99,3089.009,76.18630723155323,3241.3816144631064,2936.6363855368936,0,1
2021-03-19,3072.99,3080.1085000000003,65.98000536726877,3212.068510734538,2948.1484892654626,0,1
2021-03-22,3111.37,3076.5575,61.97514152635861,3200.507783052717,2952.6072169472827,0,1
2021-03-23,3137.5,3073.65,57.28016961991173,3188.2103392398235,2959.0896607601767,0,1
2021-03-24,3087.17,3070.032,53.74645952698517,3177.5249190539703,2962.53908094603,0,1
2021-03-25,3046.26,3069.487,53.93877397569992,3177.3645479514,2961.6094520486004,0,1
2021-03-26,3053.14,3067.5265499999996,53.77639939356158,3175.079348787123,2959.9737512128763,0,1
2021-03-29,3076.76,3064.0340499999998,50.54088231218111,3165.115814624362,2962.9522853756375,0,1
2021-03-30,3054.7,3061.96955,50.00733286070262,3161.9842157214052,2961.9548842785944,0,1
2021-03-31,3095.65,3066.50155,48.66271422167143,3163.826978443343,2969.176121556657,0,1
2021-04-01,3161.55,3075.72705,48.29829313044934,3172.3236362608986,2979.1304637391013,0,1
2021-04-05,3225.26,3086.9675500000003,55.4826996938219,3197.932949387644,2976.0021506123567,-1,0
2021-04-06,3223.99,3100.5695,53.965725718923686,3208.5009514378476,2992.6380485621526,0,0
2021-04-07,3279.39,3111.4055,66.30301759229205,3244.011535184584,2978.799464815416,0,0
2021-04-08,3299.99,3123.523,77.20867868453782,3277.9403573690756,2969.1056426309246,0,0
2021-04-09,3372.09,3136.3035,95.07103916076096,3326.4455783215217,2946.1614216784783,0,0
2021-04-12,3379.39,3150.7115000000003,108.73414320089738,3368.179786401795,2933.243213598206,0,0
2021-04-13,3400.0,3166.6405000000004,120.72324755298179,3408.086995105964,2925.194004894037,0,0
2021-04-14,3334.4,3178.7394999999997,124.94520876958576,3428.6299175391714,2928.849082460828,0,0
2021-04-15,3378.89,3190.924,132.15025190250833,3455.224503805017,2926.623496194983,0,0
2021-04-16,3399.21,3209.485,134.11610200043518,3477.7172040008704,2941.25279599913,0,0
2021-04-19,3373.94,3224.5325,134.87644723871725,3494.2853944774342,2954.7796055225654,0,0
2021-04-20,3334.68,3235.698,134.25717993542148,3504.2123598708426,2967.183640129157,0,0
2021-04-21,3361.52,3246.8990000000003,134.97639118711214,3516.8517823742245,2976.946217625776,0,0
2021-04-22,3308.0676,3257.94388,130.17040533585237,3518.2846906717045,2997.603069328295,0,0
2021-04-23,3340.52,3272.65688,121.31335181497666,3515.2835836299532,3030.030176370047,0,0
2021-04-26,3408.96,3290.4478799999997,113.24917649053472,3516.946232981069,3063.9495270189304,0,0
2021-04-27,3417.43,3307.4813799999997,104.71547662110066,3516.912333242201,3098.0504267577985,0,0
2021-04-28,3461.12,3327.80238,91.70571597191264,3511.2138119438255,3144.3909480561747,0,0
2021-04-29,3471.31,3346.5853799999995,79.28380606367334,3505.1529921273464,3188.0177678726527,0,0
2021-04-30,3470.02,3362.00888,70.96064242451627,3503.9301648490323,3220.0875951509674,0,0
2021-05-03,3386.49,3370.0703799999997,63.35869321108072,3496.787766422161,3243.3529935778383,0,0
2021-05-04,3312.65,3374.5033799999997,55.172814120390925,3484.8490082407816,3264.1577517592177,0,0
2021-05-05,3271.17,3374.0923799999996,55.943864198856055,3485.980108397712,3262.2046516022874,0,0
2021-05-06,3306.37,3374.41138,55.515633502124,3485.442647004248,3263.380112995752,0,0
2021-05-07,3289.7,3370.2918799999998,58.664500693663896,3487.6208813873277,3252.962878612672,0,0
2021-05-10,3190.0,3360.82238,71.0884944397515,3502.999368879503,3218.645391120497,1,1
2021-05-11,3223.11,3351.97788,76.73715112193428,3505.4521822438683,3198.5035777561316,0,1
2021-05-12,3152.62,3342.88888,88.75323594299357,3520.395351885987,3165.382408114013,0,1
2021-05-13,3162.0,3332.0443800000003,96.99111288048398,3526.0266057609683,3138.062154239032,0,1
2021-05-14,3222.9,3323.2288799999997,98.56476843298226,3520.358416865964,3126.0993431340353,0,1
2021-05-17,3271.79,3318.1213799999996,98.44524727447043,3515.0118745489403,3121.230885451059,0,1
2021-05-18,3232.73,3313.0238799999997,100.16714380545228,3513.3581676109043,3112.689592389095,0,1
2021-05-19,3231.95,3306.5453799999996,101.05166953044136,3508.6487190608823,3104.442040939117,0,1
2021-05-20,3248.54,3303.5690000000004,101.87776178498096,3507.3245235699624,3099.8134764300385,0,1
2021-05-21,3202.0,3296.643,103.92152515493535,3504.4860503098707,3088.7999496901293,0,1
2021-05-24,3244.68,3288.429,101.02882167715923,3490.4866433543184,3086.3713566456818,0,1
2021-05-25,3259.05,3280.5099999999998,96.49032943091126,3473.4906588618223,3087.529341138177,0,1
2021-05-26,3265.19,3270.7135,86.6306715634128,3443.9748431268254,3097.4521568731743,0,1
2021-05-27,3232.06,3258.7509999999997,72.9042995555531,3404.559599111106,3112.9424008888936,0,1
2021-05-28,3224.68,3246.484,53.558800878852644,3353.6016017577053,3139.3663982422945,0,1
2021-06-01,3218.65,3238.0919999999996,42.4678801969526,3323.027760393905,3153.1562396060945,0,1
2021-06-02,3234.92,3234.2055,38.672691776138414,3311.550883552277,3156.860116447723,0,1
2021-06-03,3187.94,3230.044,38.962684766481594,3307.969369532963,3152.118630467037,0,1
2021-06-04,3206.22,3225.0365,34.856207523143524,3294.748915046287,3155.3240849537133,0,1
2021-06-07,3199.31,3220.517,31.752427027032013,3284.0218540540636,3157.012145945936,0,1
2021-06-08,3264.14,3224.2239999999997,32.32479712968669,3288.873594259373,3159.5744057406264,0,1
2021-06-09,3281.22,3227.1295,34.74071030318937,3296.610920606379,3157.648079393621,0,1
2021-06-10,3349.65,3236.981,40.032873583719955,3317.04674716744,3156.9152528325603,-1,0
2021-06-11,3346.83,3246.2225,43.03397334483261,3332.2904466896653,3160.1545533103344,0,0
2021-06-14,3384.94,3254.3244999999997,52.60192716853391,3359.5283543370674,3149.120645662932,0,0
2021-06-15,3384.88,3259.9790000000003,60.119407314037176,3380.217814628075,3139.7401853719257,0,0
2021-06-16,3414.78,3269.0815000000002,68.91499380626405,3406.911487612528,3131.2515123874723,0,0
2021-06-17,3489.68,3281.968,84.04258423092502,3450.05316846185,3113.8828315381497,0,0
2021-06-18,3486.37,3293.8595,95.15487494634317,3484.1692498926864,3103.5497501073137,0,0
2021-06-21,3453.96,3306.4574999999995,98.95622758388238,3504.369955167764,3108.545044832235,0,0
2021-06-22,3505.5,3319.4985,107.2268790573051,3533.9522581146102,3105.04474188539,0,0
2021-06-23,3503.51,3331.7215000000006,113.71076990492111,3559.143039809843,3104.2999601901583,0,0
2021-06-24,3449.08,3340.9159999999997,115.4689397926714,3571.8538795853424,3109.978120414657,0,0
2021-06-25,3404.9,3349.558,113.3413765948804,3576.2407531897607,3122.8752468102393,0,0
2021-06-28,3443.89,3360.5184999999997,111.20877602983524,3582.93605205967,3138.100947940329,0,0
2021-06-29,3449.48,3372.06,107.63089905589538,3587.3217981117905,3156.7982018882094,0,0
2021-06-30,3440.29,3382.3285000000005,103.57883081194628,3589.486161623893,3175.170838376108,0,0
2021-07-01,3432.98,3394.5805,93.36385108387438,3581.3082021677487,3207.8527978322513,0,0
2021-07-02,3510.99,3409.8190000000004,85.54673120582288,3580.912462411646,3238.7255375883547,0,0
2021-07-06,3675.72,3433.6394999999998,90.05483694745577,3613.749173894911,3253.5298261050884,0,0
2021-07-07,3698.49,3455.357,98.96046797639187,3653.2779359527835,3257.4360640472164,0,0
2021-07-08,3731.42,3477.8669999999997,108.05052264176734,3693.9680452835346,3261.765954716465,0,0
2021-07-09,3717.6802,3496.2685100000003,116.10382237228795,3728.4761547445764,3264.0608652554242,0,0
2021-07-12,3718.52,3514.8530100000003,120.58585880932348,3756.0247276186474,3273.681292381353,0,0
2021-07-13,3678.85,3529.5485099999996,121.82310421859955,3773.194718437199,3285.9023015628004,0,0
2021-07-14,3683.61,3544.4850099999994,121.46485087812535,3787.41471175625,3301.5553082437486,0,0
2021-07-15,3632.08,3555.3500099999997,118.94470589135966,3793.239421782719,3317.46059821728,0,0
2021-07-16,3572.98,3559.51501,117.97866443290292,3795.472338865806,3323.5576811341944,0,0
2021-07-19,3550.0,3562.6965099999993,116.75395723000673,3796.204424460013,3329.1885955399857,0,0
2021-07-20,3572.83,3568.64001,113.91843786260281,3796.4768857252056,3340.8031342747945,0,0
2021-07-21,3586.33,3572.68151,112.99054447035967,3798.6625989407194,3346.7004210592804,0,0
2021-07-22,3638.01,3579.40651,112.65901065755857,3804.724531315117,3354.0884886848826,0,0
2021-07-23,3656.67,3589.7860100000007,109.53945894124126,3808.8649278824832,3370.707092117518,0,0
2021-07-26,3700.0,3604.54101,103.00461273157609,3810.550235463152,3398.5317845368477,0,0
2021-07-27,3628.64,3613.77851,95.87668637524838,3805.531882750497,3422.025137249503,0,0
2021-07-28,3630.3035,3622.819685,87.74924165643958,3798.318168312879,3447.3212016871207,0,0
2021-07-29,3600.0542,3630.8078949999995,76.85379497369914,3784.515484947398,3477.100305052601,0,0
2021-07-30,3327.59,3625.5383949999996,93.04030633022734,3811.6190076604544,3439.457782339545,1,1
2021-08-02,3331.69,3616.5733949999994,111.47140142689145,3839.516197853782,3393.6305921462167,0,1
2021-08-03,3366.91,3601.132895,123.57757046110729,3848.288035922215,3353.9777540777854,0,1
2021-08-04,3354.71,3583.9438950000003,132.88172528240239,3849.707345564805,3318.1804444351956,0,1
2021-08-05,3376.1,3566.177895,135.8464251683399,3837.8707453366796,3294.48504466332,0,1
2021-08-06,3344.83,3547.535385,139.49568037227357,3826.526745744547,3268.544024255453,0,1
2021-08-09,3341.33,3528.6758849999997,140.65507632788268,3809.986037655765,3247.3657323442344,0,1
2021-08-10,3321.32,3510.799385,143.2601558120104,3797.3196966240207,3224.279073375979,0,1
2021-08-11,3292.22,3491.2298849999997,145.13153832366027,3781.49296164732,3200.9668083526794,0,1
2021-08-12,3302.7,3474.7608850000006,146.98376357347666,3768.728412146954,3180.7933578530474,0,1
2021-08-13,3293.96,3460.809885,150.3731614098828,3761.556207819766,3160.0635621802344,0,1
2021-08-16,3299.0,3448.2598850000004,152.9890223178484,3754.237929635697,3142.2818403643037,0,1
2021-08-17,3241.96,3431.7163849999997,156.65506177259772,3745.026508545195,3118.4062614548043,0,1
2021-08-18,3201.21,3412.460385,160.2772781714555,3733.014941342911,3091.905828657089,0,1
2021-08-19,3186.47,3389.883385,158.627653852588,3707.1386927051763,3072.628077294824,0,1
2021-08-20,3199.06,3367.0028850000003,150.93742856307847,3668.8777421261575,3065.128027873843,0,1
2021-08-23,3265.97,3345.301385,130.33590261352327,3605.973190227047,3084.6295797729535,0,1
2021-08-24,3306.04,3329.171385,112.11334731881487,3553.39807963763,3104.9446903623702,0,1
2021-08-25,3299.99,3312.65571,86.91626412684676,3486.4882382536935,3138.8231817463065,0,1
2021-08-26,3315.47,3298.4265,54.7217469784181,3407.8699939568364,3188.9830060431636,0,1
2021-08-27,3349.05,3299.4994999999994,55.528145871701476,3410.5557917434026,3188.4432082565963,0,1
2021-08-30,3421.14,3303.972,61.534860688893914,3427.0417213777882,3180.902278622212,0,1
2021-08-31,3472.49,3309.251,71.01668083516489,3451.28436167033,3167.2176383296705,-1,0
2021-09-01,3479.58,3315.4945,80.1281315653838,3475.750763130767,3155.2382368692324,0,0
2021-09-02,3463.4,3319.8595,85.78178487026176,3491.4230697405237,3148.2959302594763,0,0
2021-09-03,3478.77,3326.5565,92.77698292567514,3512.1104658513505,3141.00253414865,0,0
2021-09-07,3509.14,3334.947,101.3732734994857,3537.6935469989717,3132.2004530010286,0,0
2021-09-08,3525.69,3345.1655,109.87148308125819,3564.9084661625166,3125.4225338374836,0,0
2021-09-09,3485.3,3354.8195,113.4004480857732,3581.6203961715464,3128.0186038284537,0,0
2021-09-10,3470.39,3363.204,115.52344767235249,3594.250895344705,3132.1571046552954,0,0
2021-09-13,3455.96,3371.304,116.09080299943719,3603.4856059988742,3139.122394001126,0,0
2021-09-14,3450.055,3378.85675,116.05293420490189,3610.962618409804,3146.750881590196,0,0
2021-09-15,3475.38,3390.52775,113.26474808671159,3617.057246173423,3163.998253826577,0,0
